kind,dataset,config,seed_idx,r2,params,d_model,ncomp,ftt_target,wall_s,error
a6,California,A6,0,0.7610557079315186,101249,128,260,101697,30.7917959690094,
a6,California,A6,1,0.7808557748794556,101249,128,260,101697,28.143905878067017,
a6,California,A6,2,0.7924178838729858,101249,128,260,101697,29.514373779296875,
a6,California,A6,3,0.7397276163101196,101249,128,260,101697,29.225386142730713,
a6,California,A6,4,0.7739760875701904,101249,128,260,101697,29.72890830039978,
a6,Yacht,A6,0,0.9935661554336548,100993,128,260,101441,10.301650762557983,
a6,Yacht,A6,1,0.9705281853675842,100993,128,260,101441,17.00481867790222,
a6,Yacht,A6,2,0.9598528146743774,100993,128,260,101441,9.408007144927979,
a6,Yacht,A6,3,0.9927146434783936,100993,128,260,101441,11.855243921279907,
a6,Yacht,A6,4,0.9937184453010559,100993,128,260,101441,12.087195873260498,
a6,Energy,A6,0,0.9968353509902954,101249,128,260,101697,17.305272340774536,
a6,Energy,A6,1,0.9952269792556763,101249,128,260,101697,17.200277090072632,
a6,Energy,A6,2,0.9961559772491455,101249,128,260,101697,13.555990219116211,
a6,Energy,A6,3,0.9952238202095032,101249,128,260,101697,12.598961114883423,
a6,Energy,A6,4,0.9971292018890381,101249,128,260,101697,13.855669260025024,
a6,Concrete,A6,0,0.88680499792099,101249,128,260,101697,13.570724487304688,
a6,Concrete,A6,1,0.8928223252296448,101249,128,260,101697,18.953557014465332,
a6,Concrete,A6,2,0.8953242897987366,101249,128,260,101697,15.392674922943115,
a6,Concrete,A6,3,0.9080414772033691,101249,128,260,101697,14.042293787002563,
a6,Concrete,A6,4,0.9243600964546204,101249,128,260,101697,13.723755598068237,
a6,Airfoil,A6,0,0.9433845281600952,100865,128,260,101313,10.50796389579773,
a6,Airfoil,A6,1,0.9510271549224854,100865,128,260,101313,16.53472876548767,
a6,Airfoil,A6,2,0.9327898621559143,100865,128,260,101313,10.023380756378174,
a6,Airfoil,A6,3,0.9043641686439514,100865,128,260,101313,10.046751022338867,
a6,Airfoil,A6,4,0.9358707666397095,100865,128,260,101313,13.46083688735962,
a6,Abalone,A6,0,0.33543890714645386,101121,128,260,101569,19.047335624694824,
a6,Abalone,A6,1,0.34880542755126953,101121,128,260,101569,21.73901128768921,
a6,Abalone,A6,2,0.33413565158843994,101121,128,260,101569,27.464709758758545,
a6,Abalone,A6,3,0.3385477066040039,101121,128,260,101569,20.53658890724182,
a6,Abalone,A6,4,0.3150584101676941,101121,128,260,101569,16.94638204574585,
a6,Kin8nm,A6,0,0.9096524119377136,101249,128,260,101697,30.606677055358887,
a6,Kin8nm,A6,1,0.9089245796203613,101249,128,260,101697,31.756701469421387,
a6,Kin8nm,A6,2,0.9134441614151001,101249,128,260,101697,41.31248211860657,
a6,Kin8nm,A6,3,0.9143734574317932,101249,128,260,101697,28.305676460266113,
a6,Kin8nm,A6,4,0.9215334057807922,101249,128,260,101697,31.27419638633728,
a6,Protein,A6,0,0.47043246030807495,101377,128,260,101825,32.38893389701843,
a6,Protein,A6,1,0.44040775299072266,101377,128,260,101825,31.67250633239746,
a6,Protein,A6,2,0.443029522895813,101377,128,260,101825,40.19106459617615,
a6,Protein,A6,3,0.46385955810546875,101377,128,260,101825,45.4559109210968,
a6,Protein,A6,4,0.4610394239425659,101377,128,260,101825,39.687122106552124,
