kind,dataset,config,seed_idx,seed,r2,params,wall_s,error
ablation,California,A0,2,2042,0.7786021828651428,101697,13.11708664894104,
ablation,California,A0,3,3042,0.7560124397277832,101697,13.969417095184326,
ablation,California,A2,1,1042,0.7165016531944275,21697,10.959384679794312,
ablation,California,A2,0,42,0.6903506517410278,21697,11.82982325553894,
ablation,California,A4,0,42,0.7300733327865601,34177,4.773880243301392,
ablation,California,A0,0,42,0.7568256855010986,101697,21.51045060157776,
ablation,California,A0,1,1042,0.7925253510475159,101697,22.217365026474,
ablation,California,A4,1,1042,0.7333920001983643,34177,6.96265983581543,
ablation,California,A2,2,2042,0.7184097766876221,21697,14.423118829727173,
ablation,California,A4,2,2042,0.7410091161727905,34177,4.86284327507019,
ablation,California,A1,0,42,0.7512683868408203,106305,22.16579294204712,
ablation,California,A2,3,3042,0.680164098739624,21697,14.808973550796509,
ablation,California,A4,3,3042,0.726678729057312,34177,5.6305177211761475,
ablation,California,A0,4,4042,0.7700876593589783,101697,22.8933048248291,
ablation,California,A2,4,4042,0.6970877051353455,21697,13.493342399597168,
ablation,California,A1,2,2042,0.790507435798645,106305,21.042722463607788,
ablation,California,A1,3,3042,0.7618822455406189,106305,21.66686224937439,
ablation,California,A5,0,42,0.7405115365982056,33013,6.649480819702148,
ablation,California,A4,4,4042,0.7667222023010254,34177,10.297332763671875,
ablation,Yacht,A0,0,42,0.4212818145751953,101441,3.4356894493103027,
ablation,Yacht,A0,1,1042,0.3168792128562927,101441,3.3000106811523438,
ablation,California,A5,4,4042,0.7710520625114441,33013,8.549638271331787,
ablation,California,A5,3,3042,0.749740719795227,33013,9.002119779586792,
ablation,Yacht,A0,3,3042,0.4580005407333374,101441,2.831531286239624,
ablation,California,A5,2,2042,0.778579592704773,33013,9.373880863189697,
ablation,Yacht,A0,2,2042,0.4859549403190613,101441,4.491823196411133,
ablation,Yacht,A0,4,4042,0.5441393852233887,101441,3.6617953777313232,
ablation,Yacht,A2,1,1042,-0.010980486869812012,21569,0.26552462577819824,
ablation,Yacht,A2,0,42,0.18587613105773926,21569,1.4618141651153564,
ablation,Yacht,A2,3,3042,0.30179107189178467,21569,1.229886770248413,
ablation,Yacht,A1,0,42,0.4610952138900757,104129,4.6627724170684814,
ablation,Yacht,A2,4,4042,0.013982772827148438,21569,0.0719444751739502,
ablation,Yacht,A2,2,2042,0.3439362645149231,21569,1.4339385032653809,
ablation,Yacht,A1,1,1042,0.32763171195983887,104129,3.909454584121704,
ablation,Yacht,A1,3,3042,0.47100114822387695,104129,3.943138837814331,
ablation,Yacht,A1,2,2042,0.5445988178253174,104129,4.1357457637786865,
ablation,Yacht,A1,4,4042,0.49506473541259766,104129,3.88470458984375,
ablation,California,A5,1,1042,0.7872782945632935,33013,13.875150203704834,
ablation,California,RB,4,4042,0.7754325270652771,30401,12.286231279373169,
ablation,California,RB,0,42,0.7627000212669373,30401,13.655837059020996,
ablation,California,RB,2,2042,0.7875764966011047,30401,13.014933824539185,
ablation,Yacht,A4,1,1042,0.718059778213501,34049,1.1780664920806885,
ablation,Yacht,A4,0,42,0.6954723596572876,34049,1.4112672805786133,
ablation,Yacht,A4,4,4042,-0.025931835174560547,34049,0.45285701751708984,
ablation,California,RB,1,1042,0.7835185527801514,30401,13.79487657546997,
ablation,California,A1,4,4042,0.7702758312225342,106305,31.14265275001526,
ablation,Yacht,A3,1,1042,0.60764479637146,111681,2.5139853954315186,
ablation,Yacht,A4,2,2042,0.9009321331977844,34049,1.5605099201202393,
ablation,Yacht,A3,2,2042,0.7735164165496826,111681,2.6163268089294434,
ablation,Yacht,A3,0,42,0.6132292747497559,111681,2.6355338096618652,
ablation,California,A3,0,42,0.7440815567970276,173249,27.524932622909546,
ablation,Yacht,A3,3,3042,0.6827659606933594,111681,2.3523104190826416,
ablation,Yacht,A3,4,4042,0.7299712896347046,111681,2.5291635990142822,
ablation,Yacht,A4,3,3042,0.8205018043518066,34049,1.5208733081817627,
ablation,Yacht,A5,0,42,0.27082353830337524,32869,2.952822685241699,
ablation,Yacht,A5,1,1042,0.09067922830581665,32869,3.098635196685791,
ablation,Yacht,A5,2,2042,0.20142656564712524,32869,3.0499777793884277,
ablation,California,A1,1,1042,0.7776691913604736,106305,35.41457509994507,
ablation,Yacht,A5,4,4042,0.24170571565628052,32869,3.0887255668640137,
ablation,Yacht,RB,1,1042,0.9405527710914612,30273,2.796942710876465,
ablation,Yacht,RB,2,2042,0.993606686592102,30273,2.789235830307007,
ablation,Yacht,A5,3,3042,0.1681283712387085,32869,3.2802770137786865,
ablation,Yacht,RB,3,3042,0.9587792158126831,30273,2.89375901222229,
ablation,Yacht,RB,4,4042,0.9671899080276489,30273,2.9727766513824463,
ablation,California,A3,2,2042,0.7774080634117126,173249,29.13512635231018,
ablation,Yacht,RB,0,42,0.938959002494812,30273,3.5373575687408447,
ablation,Energy,A2,3,3042,0.94209885597229,21697,1.5014495849609375,
ablation,Energy,A2,4,4042,0.9366602897644043,21697,1.737109661102295,
ablation,California,RB,3,3042,0.7307465076446533,30401,19.01532530784607,
ablation,Energy,A2,0,42,0.9515441656112671,21697,2.7076575756073,
ablation,California,A3,1,1042,0.7667341232299805,173249,31.718615770339966,
ablation,Energy,A2,1,1042,0.9677673578262329,21697,3.0938849449157715,
ablation,Energy,A2,2,2042,0.9496942758560181,21697,3.080556631088257,
ablation,Energy,A0,1,1042,0.991798996925354,101697,6.606086730957031,
ablation,Energy,A0,0,42,0.9928795099258423,101697,6.697163820266724,
ablation,Energy,A0,3,3042,0.991115927696228,101697,7.0016233921051025,
ablation,Energy,A4,1,1042,0.9058647155761719,34177,1.693248987197876,
ablation,Energy,A0,2,2042,0.9922611713409424,101697,7.349325656890869,
ablation,Energy,A4,0,42,0.9286670684814453,34177,2.6498522758483887,
ablation,California,A3,3,3042,0.7445315718650818,173249,34.62863898277283,
ablation,Energy,A3,0,42,0.9888726472854614,173249,5.42350959777832,
ablation,Energy,A4,4,4042,0.9240521192550659,34177,2.213148832321167,
ablation,Energy,A4,2,2042,0.9321099519729614,34177,2.874148368835449,
ablation,Energy,A0,4,4042,0.9931976795196533,101697,7.049844026565552,
ablation,Energy,A4,3,3042,0.911378026008606,34177,2.4703927040100098,
ablation,Energy,A3,3,3042,0.9893832206726074,173249,4.577074766159058,
ablation,Energy,A3,1,1042,0.9883957505226135,173249,5.6683266162872314,
ablation,Energy,A3,4,4042,0.9887703657150269,173249,4.638134241104126,
ablation,Energy,A3,2,2042,0.9948368072509766,173249,5.606245994567871,
ablation,California,A3,4,4042,0.7593267560005188,173249,35.980881690979004,
ablation,Energy,A1,3,3042,0.9895796775817871,106305,10.36221957206726,
ablation,Energy,A1,1,1042,0.9902347326278687,106305,10.537320852279663,
ablation,Energy,A1,0,42,0.9929413199424744,106305,10.94520115852356,
ablation,Energy,RB,3,3042,0.9857674241065979,30401,4.810341835021973,
ablation,Energy,RB,0,42,0.9871733784675598,30401,5.4148266315460205,
ablation,Energy,A5,1,1042,0.6886898279190063,33013,6.873683929443359,
ablation,Energy,A5,0,42,0.5718870162963867,33013,7.622007131576538,
ablation,Energy,RB,4,4042,0.9959585070610046,30401,5.8798582553863525,
ablation,Energy,RB,1,1042,0.9955204725265503,30401,6.314588308334351,
ablation,Energy,A1,2,2042,0.9899353981018066,106305,12.968678951263428,
ablation,Energy,A5,4,4042,0.7184543609619141,33013,7.178176164627075,
ablation,Energy,A1,4,4042,0.9958059191703796,106305,13.354779243469238,
ablation,Energy,A5,3,3042,0.656191349029541,33013,7.943616151809692,
ablation,Concrete,A2,1,1042,0.462544322013855,21697,1.649228572845459,
ablation,Energy,RB,2,2042,0.9944459795951843,30401,7.9143993854522705,
ablation,Concrete,A2,0,42,0.5991047620773315,21697,2.783311605453491,
ablation,Energy,A5,2,2042,0.6346166729927063,33013,9.624778270721436,
ablation,Concrete,A2,3,3042,0.5372405648231506,21697,2.348249673843384,
ablation,Concrete,A0,3,3042,0.6953367590904236,101697,7.077721357345581,
ablation,Concrete,A0,1,1042,0.6178935766220093,101697,7.770197153091431,
ablation,Concrete,A0,2,2042,0.634787917137146,101697,7.713765382766724,
ablation,Concrete,A2,2,2042,0.7055643796920776,21697,2.7436461448669434,
ablation,Concrete,A0,0,42,0.6922475099563599,101697,8.853038549423218,
ablation,Concrete,A2,4,4042,0.6557196378707886,21697,3.490886688232422,
ablation,Concrete,A4,1,1042,0.5990671515464783,34177,2.5187394618988037,
ablation,Concrete,A4,2,2042,0.8020616769790649,34177,3.1866629123687744,
ablation,Concrete,A0,4,4042,0.6212106943130493,101697,8.740621566772461,
ablation,Concrete,A4,3,3042,0.8312294483184814,34177,3.4302988052368164,
ablation,Concrete,A4,0,42,0.8353850841522217,34177,3.567781686782837,
ablation,Concrete,A4,4,4042,0.7829571962356567,34177,4.611035108566284,
ablation,Concrete,A3,1,1042,0.8830702304840088,173249,8.105964660644531,
ablation,Concrete,A1,1,1042,0.6193341016769409,106305,11.332011699676514,
ablation,Concrete,A1,0,42,0.7247726321220398,106305,11.655323505401611,
ablation,Concrete,A1,2,2042,0.6015540361404419,106305,11.458242654800415,
ablation,Concrete,A3,0,42,0.8487911820411682,173249,9.643571138381958,
ablation,Concrete,A3,2,2042,0.8956925272941589,173249,9.45779013633728,
ablation,Concrete,A5,0,42,-0.47673308849334717,33013,7.870324611663818,
ablation,Concrete,A5,1,1042,-0.46711432933807373,33013,7.837981462478638,
ablation,Concrete,A3,3,3042,0.8829010128974915,173249,9.132687330245972,
ablation,Concrete,A1,3,3042,0.6906827688217163,106305,12.19434928894043,
ablation,Concrete,A3,4,4042,0.8973197340965271,173249,9.998685836791992,
ablation,Concrete,A5,3,3042,-0.2190859317779541,33013,8.242541313171387,
ablation,Concrete,A5,2,2042,-0.41312921047210693,33013,8.925964117050171,
ablation,Concrete,RB,3,3042,0.9090719223022461,30401,6.930809020996094,
ablation,Concrete,RB,0,42,0.8726160526275635,30401,7.436197519302368,
ablation,Concrete,A5,4,4042,-0.34751367568969727,33013,8.420385837554932,
ablation,Concrete,RB,1,1042,0.8877571225166321,30401,7.665691137313843,
ablation,Concrete,A1,4,4042,0.6504330635070801,106305,14.525307893753052,
ablation,Concrete,RB,2,2042,0.883415937423706,30401,8.26800537109375,
ablation,Airfoil,A2,0,42,0.5543099045753479,21505,2.996986150741577,
ablation,Airfoil,A2,2,2042,0.503638505935669,21505,2.594923734664917,
ablation,Airfoil,A2,3,3042,0.4450773596763611,21505,2.630993366241455,
ablation,Airfoil,A2,1,1042,0.5673073530197144,21505,3.71832275390625,
ablation,Airfoil,A3,0,42,0.913041889667511,87041,2.802184581756592,
ablation,Airfoil,A2,4,4042,0.5190199613571167,21505,3.3048980236053467,
ablation,Concrete,RB,4,4042,0.9153157472610474,30401,9.328017711639404,
ablation,Airfoil,A3,3,3042,0.8828861117362976,87041,2.8390848636627197,
ablation,Airfoil,A3,1,1042,0.9295510053634644,87041,3.7740490436553955,
ablation,Airfoil,A3,2,2042,0.9172894954681396,87041,4.022684574127197,
ablation,Airfoil,A0,2,2042,-76.93959045410156,101313,9.048181295394897,
ablation,Airfoil,A0,3,3042,-71.83638763427734,101313,8.756310939788818,
ablation,Airfoil,A0,1,1042,-79.70687103271484,101313,9.994074583053589,
ablation,Airfoil,A0,4,4042,-75.59767150878906,101313,9.176297903060913,
ablation,Airfoil,A0,0,42,-73.17376708984375,101313,10.50088095664978,
ablation,Airfoil,A3,4,4042,0.9280399680137634,87041,5.3937060832977295,
ablation,Airfoil,A4,4,4042,0.7629615664482117,33985,4.332052707672119,
ablation,Airfoil,A4,1,1042,0.7615123987197876,33985,5.398897409439087,
ablation,Airfoil,A4,3,3042,0.738706111907959,33985,4.8229660987854,
ablation,Airfoil,A4,0,42,0.7763924598693848,33985,6.178762435913086,
ablation,Airfoil,A4,2,2042,0.7976440787315369,33985,5.8188416957855225,
ablation,Airfoil,A1,1,1042,-80.1927719116211,103233,11.82093334197998,
ablation,Airfoil,A1,2,2042,-79.06554412841797,103233,12.29094910621643,
ablation,Airfoil,A1,0,42,-70.05655670166016,103233,12.917787075042725,
ablation,Airfoil,A1,3,3042,-68.0449447631836,103233,12.38733720779419,
ablation,Airfoil,A1,4,4042,-74.46524810791016,103233,12.312633514404297,
ablation,Airfoil,RB,3,3042,0.8810417652130127,30209,3.8245749473571777,
ablation,Airfoil,RB,1,1042,0.9409558773040771,30209,4.592393636703491,
ablation,Airfoil,RB,0,42,0.9557332992553711,30209,5.56278920173645,
ablation,Airfoil,RB,2,2042,0.943782389163971,30209,4.570752143859863,
ablation,Airfoil,RB,4,4042,0.9211738109588623,30209,4.290325403213501,
ablation,Airfoil,A5,1,1042,-170.45162963867188,32797,8.840243577957153,
ablation,Airfoil,A5,0,42,-154.19161987304688,32797,9.757702112197876,
ablation,Abalone,A2,0,42,0.25816231966018677,21633,3.2112202644348145,
ablation,Abalone,A0,4,4042,0.2786504030227661,101569,5.118434429168701,
ablation,Abalone,A0,0,42,0.3105263113975525,101569,7.082722425460815,
ablation,Abalone,A2,1,1042,0.2803465723991394,21633,4.144914388656616,
ablation,Abalone,A2,2,2042,0.2777121663093567,21633,4.094299554824829,
ablation,Airfoil,A5,4,4042,-159.6305694580078,32797,10.188304662704468,
ablation,Airfoil,A5,2,2042,-156.88368225097656,32797,11.3022141456604,
ablation,Abalone,A3,1,1042,0.33997273445129395,140417,3.2984745502471924,
ablation,Airfoil,A5,3,3042,-148.51194763183594,32797,12.366164684295654,
ablation,Abalone,A3,2,2042,0.321696937084198,140417,3.5420663356781006,
ablation,Abalone,A0,2,2042,0.3011540174484253,101569,9.990071058273315,
ablation,Abalone,A2,4,4042,0.25607872009277344,21633,6.5743043422698975,
ablation,Abalone,A1,1,1042,0.3483365774154663,105153,8.50568962097168,
ablation,Abalone,A4,3,3042,0.33767080307006836,34113,2.8735744953155518,
ablation,Abalone,A1,0,42,0.3137311339378357,105153,9.010597229003906,
ablation,Abalone,A4,1,1042,0.3647157549858093,34113,3.528385877609253,
ablation,Abalone,A4,0,42,0.332633376121521,34113,3.7054412364959717,
ablation,Abalone,A0,1,1042,0.3492579460144043,101569,10.996838569641113,
ablation,Abalone,A4,2,2042,0.31770747900009155,34113,3.7471725940704346,
ablation,Abalone,A0,3,3042,0.3317803740501404,101569,10.914214611053467,
ablation,Abalone,A1,4,4042,0.28731638193130493,105153,9.277563333511353,
ablation,Abalone,A2,3,3042,0.2851715087890625,21633,8.497060060501099,
ablation,Abalone,A4,4,4042,0.3006027340888977,34113,3.0307438373565674,
ablation,Abalone,A1,2,2042,0.2938051223754883,105153,9.822048664093018,
ablation,Abalone,A1,3,3042,0.3262706398963928,105153,10.600051641464233,
ablation,Abalone,A3,3,3042,0.3435863256454468,140417,7.618744850158691,
ablation,Abalone,RB,0,42,0.33015114068984985,30337,5.147038459777832,
ablation,Abalone,A5,0,42,0.31685906648635864,32941,7.11213231086731,
ablation,Abalone,RB,3,3042,0.33755916357040405,30337,5.310701847076416,
ablation,Abalone,A5,4,4042,0.26536262035369873,32941,6.2405922412872314,
ablation,Abalone,A3,4,4042,0.3134344816207886,140417,10.280276536941528,
ablation,Abalone,RB,1,1042,0.34495770931243896,30337,6.439289093017578,
ablation,Abalone,RB,4,4042,0.3180173635482788,30337,5.905999183654785,
ablation,Abalone,A3,0,42,0.32231706380844116,140417,12.198875188827515,
ablation,Abalone,A5,2,2042,0.30954110622406006,32941,8.555576801300049,
ablation,Kin8nm,A2,3,3042,0.42951273918151855,21697,2.1696341037750244,
ablation,Abalone,A5,3,3042,0.3218309283256531,32941,9.102680683135986,
ablation,Kin8nm,A2,1,1042,0.4734809398651123,21697,2.6915502548217773,
ablation,Abalone,RB,2,2042,0.3245465159416199,30337,8.91440200805664,
ablation,Kin8nm,A2,0,42,0.48040902614593506,21697,3.596522092819214,
ablation,Kin8nm,A2,2,2042,0.42624127864837646,21697,3.014038324356079,
ablation,Kin8nm,A2,4,4042,0.443753719329834,21697,3.663512706756592,
ablation,Abalone,A5,1,1042,0.3551158905029297,32941,12.288382530212402,
ablation,Kin8nm,A0,2,2042,0.9021487236022949,101697,11.575180768966675,
ablation,Kin8nm,A3,0,42,0.912480354309082,173249,8.520937204360962,
ablation,Kin8nm,A0,4,4042,0.9073344469070435,101697,14.638717889785767,
ablation,Kin8nm,A0,0,42,0.909837007522583,101697,16.414792776107788,
ablation,Kin8nm,A4,3,3042,0.7051064968109131,34177,6.902674913406372,
ablation,Kin8nm,A0,1,1042,0.90455162525177,101697,16.378782033920288,
ablation,Kin8nm,A3,4,4042,0.919148325920105,173249,8.227569103240967,
ablation,Kin8nm,A3,1,1042,0.9169535040855408,173249,9.508912086486816,
ablation,Kin8nm,A1,0,42,0.9008980393409729,106305,17.807661056518555,
ablation,Kin8nm,A0,3,3042,0.9215548038482666,101697,18.763822317123413,
ablation,Kin8nm,A3,3,3042,0.9239493608474731,173249,11.217540502548218,
ablation,Kin8nm,A4,2,2042,0.8404845595359802,34177,11.6024329662323,
ablation,Kin8nm,A3,2,2042,0.9255284070968628,173249,12.51084852218628,
ablation,Kin8nm,A4,0,42,0.8505717515945435,34177,12.254771947860718,
ablation,Kin8nm,A1,1,1042,0.9105507135391235,106305,21.654828786849976,
ablation,Kin8nm,A1,4,4042,0.9002083539962769,106305,18.65268874168396,
ablation,Kin8nm,A4,4,4042,0.8059289455413818,34177,13.701501846313477,
ablation,Kin8nm,A4,1,1042,0.8300096988677979,34177,15.560998678207397,
ablation,Protein,A0,1,1042,0.3915538191795349,101825,9.09464406967163,
ablation,Kin8nm,A1,2,2042,0.9056534767150879,106305,26.729875326156616,
ablation,Kin8nm,A5,1,1042,0.9047328233718872,33013,14.896113157272339,
ablation,Protein,A2,2,2042,0.2426995038986206,21761,5.238791465759277,
ablation,Kin8nm,A5,2,2042,0.9030027389526367,33013,15.919415712356567,
ablation,Protein,A2,1,1042,0.23806732892990112,21761,6.766937017440796,
ablation,Kin8nm,A1,3,3042,0.9068646430969238,106305,27.07934594154358,
ablation,Protein,A0,4,4042,0.40943801403045654,101825,11.706107378005981,
ablation,Kin8nm,A5,0,42,0.9039019346237183,33013,20.77126121520996,
ablation,Kin8nm,A5,3,3042,0.9089345932006836,33013,16.992307424545288,
ablation,Kin8nm,RB,0,42,0.9096478223800659,30401,16.85318613052368,
ablation,Protein,A0,2,2042,0.410797119140625,101825,12.736895322799683,
ablation,Kin8nm,RB,1,1042,0.913299560546875,30401,18.81701350212097,
ablation,Protein,A2,4,4042,0.261141836643219,21761,8.003796100616455,
ablation,Protein,A4,3,3042,0.3080925941467285,34241,3.440168857574463,
ablation,Protein,A1,0,42,0.3963332772254944,107585,16.39114499092102,
ablation,Protein,A1,1,1042,0.3746117949485779,107585,16.680103063583374,
ablation,Kin8nm,RB,4,4042,0.9210479259490967,30401,18.643832683563232,
ablation,Kin8nm,RB,2,2042,0.9166702628135681,30401,21.333871841430664,
ablation,Protein,A4,1,1042,0.35842347145080566,34241,6.614555597305298,
ablation,Protein,A4,4,4042,0.3602856397628784,34241,5.079584121704102,
ablation,Protein,A2,0,42,0.30326253175735474,21761,15.130783081054688,
ablation,Protein,A4,2,2042,0.3745954632759094,34241,7.580795764923096,
ablation,Kin8nm,RB,3,3042,0.9228208661079407,30401,22.132932662963867,
ablation,Kin8nm,A5,4,4042,0.911627471446991,33013,25.070319175720215,
ablation,Protein,A4,0,42,0.35437339544296265,34241,11.347058057785034,
ablation,Protein,A0,0,42,0.455647349357605,101825,20.92144012451172,
ablation,Protein,A1,3,3042,0.42035162448883057,107585,20.52578568458557,
ablation,Protein,A5,3,3042,0.4097849130630493,33085,8.642423868179321,
ablation,Protein,A0,3,3042,0.44967418909072876,101825,24.749337196350098,
ablation,Protein,A1,4,4042,0.43750858306884766,107585,23.824912309646606,
ablation,Protein,A2,3,3042,0.2799760103225708,21761,23.43520188331604,
ablation,Protein,A5,1,1042,0.4054831862449646,33085,16.629390716552734,
ablation,Protein,A5,2,2042,0.4034580588340759,33085,15.724648475646973,
ablation,Protein,A5,0,42,0.46526098251342773,33085,20.810559272766113,
ablation,Protein,A5,4,4042,0.4223984479904175,33085,17.94568657875061,
ablation,Protein,RB,1,1042,0.43314093351364136,30465,19.404768705368042,
ablation,Protein,A1,2,2042,0.418779194355011,107585,34.64082193374634,
ablation,Protein,RB,0,42,0.4628540873527527,30465,22.51179003715515,
ablation,Protein,RB,3,3042,0.46790701150894165,30465,23.407657146453857,
ablation,Protein,RB,2,2042,0.4579826593399048,30465,23.463443279266357,
ablation,Protein,A3,2,2042,0.37713921070098877,210177,35.185856103897095,
ablation,Protein,A3,4,4042,0.38757091760635376,210177,35.83434772491455,
ablation,Protein,RB,4,4042,0.459400475025177,30465,28.701500415802002,
ablation,Protein,A3,0,42,0.41585052013397217,210177,40.970247983932495,
ablation,Protein,A3,1,1042,0.4060139060020447,210177,41.225951194763184,
ablation,Protein,A3,3,3042,0.47132372856140137,210177,52.37114095687866,
