kind,dgp,N,snr,error,AttReg_mean,AttReg_sd,wall_s
mc_attreg_std,linear,500,0.5,,0.28245832110537733,0.02072264505271077,7.281808853149414
mc_attreg_std,linear,500,1.0,,0.44972931237430835,0.020628016008905202,6.8353166580200195
mc_attreg_std,linear,500,2.0,,0.6059609629494078,0.015108756338432111,6.43870210647583
mc_attreg_std,linear,500,3.0,,0.6906488431358428,0.014489484824294695,7.822565317153931
mc_attreg_std,linear,1000,0.5,,0.3025690621061308,0.016260428662408725,7.0485358238220215
mc_attreg_std,linear,1000,1.0,,0.4473195241829151,0.014133014541147529,7.582498550415039
mc_attreg_std,linear,1000,2.0,,0.6185029267393113,0.01852728820927733,5.954568862915039
mc_attreg_std,linear,1000,3.0,,0.695413731377027,0.023532822060041394,6.586641073226929
mc_attreg_std,linear,2500,0.5,,0.30185399757631587,0.019912380850002825,6.602624416351318
mc_attreg_std,linear,2500,1.0,,0.4687443241928107,0.01703810270720406,7.297013998031616
mc_attreg_std,linear,2500,2.0,,0.6202745707430241,0.01604948668116728,6.089914798736572
mc_attreg_std,linear,2500,3.0,,0.7028249129717928,0.011631577629571802,11.64177918434143
mc_attreg_std,linear,5000,0.5,,0.31825833370834594,0.022375514297114277,6.282548904418945
mc_attreg_std,linear,5000,1.0,,0.4608585814918662,0.015276472003427827,6.472191333770752
mc_attreg_std,linear,5000,2.0,,0.6320334537603349,0.010960404691208481,8.801375150680542
mc_attreg_std,linear,5000,3.0,,0.7040295654774155,0.012213249899229013,8.228687286376953
mc_attreg_std,friedman1,500,0.5,,0.23928032436834662,0.019800864622602173,6.179859399795532
mc_attreg_std,friedman1,500,1.0,,0.3610553541179,0.025842378874038792,6.220592498779297
mc_attreg_std,friedman1,500,2.0,,0.4783966631331157,0.02052453348058868,10.410828113555908
mc_attreg_std,friedman1,500,3.0,,0.5567278484720205,0.01567357473845587,0.08137226104736328
mc_attreg_std,friedman1,1000,0.5,,0.24098828890248686,0.02684437448811339,0.09179878234863281
mc_attreg_std,friedman1,1000,1.0,,0.36302339277171786,0.017748848429618092,0.07911086082458496
mc_attreg_std,friedman1,1000,2.0,,0.5124689414378103,0.009388620144121515,0.07921719551086426
mc_attreg_std,friedman1,1000,3.0,,0.5725777427194024,0.010843885312653604,0.0796365737915039
mc_attreg_std,friedman1,2500,0.5,,0.2466194496125365,0.022200595486020644,0.2622568607330322
mc_attreg_std,friedman1,2500,1.0,,0.3775008274923129,0.014760320439801581,0.14208626747131348
mc_attreg_std,friedman1,2500,2.0,,0.5127294788354111,0.018169876404796424,0.13041973114013672
mc_attreg_std,friedman1,2500,3.0,,0.584184786648912,0.01744648282283048,0.20317888259887695
mc_attreg_std,friedman1,5000,0.5,,0.2522354657833379,0.01963061100530551,0.34699583053588867
mc_attreg_std,friedman1,5000,1.0,,0.38589154640607937,0.018499472328404907,0.3777656555175781
mc_attreg_std,friedman1,5000,2.0,,0.5188869458199501,0.007397418369015733,0.33885645866394043
mc_attreg_std,friedman1,5000,3.0,,0.5841733551950756,0.013173126098706384,0.29700636863708496
mc_attreg_std,friedman2,500,0.5,,0.1655453017785975,0.02084015879872883,0.09180617332458496
mc_attreg_std,friedman2,500,1.0,,0.28107393646513273,0.025138720225364404,0.09020280838012695
mc_attreg_std,friedman2,500,2.0,,0.36840953397273923,0.028302023433426485,0.07528424263000488
mc_attreg_std,friedman2,500,3.0,,0.4325254308309813,0.023179527464820108,0.08906984329223633
mc_attreg_std,friedman2,1000,0.5,,0.18680870726309404,0.017902451131045716,0.0883948802947998
mc_attreg_std,friedman2,1000,1.0,,0.2906593691146548,0.020623519814085643,0.08647751808166504
mc_attreg_std,friedman2,1000,2.0,,0.3817427872249063,0.03136626739919237,0.07413172721862793
mc_attreg_std,friedman2,1000,3.0,,0.4301547112398493,0.014522732946964906,0.07513976097106934
mc_attreg_std,friedman2,2500,0.5,,0.1878778807898088,0.013378841942988617,0.1373281478881836
mc_attreg_std,friedman2,2500,1.0,,0.2860284533897133,0.01764798454912898,0.14555621147155762
mc_attreg_std,friedman2,2500,2.0,,0.3913899700445224,0.009609091955832958,0.12583708763122559
mc_attreg_std,friedman2,2500,3.0,,0.43860209572399905,0.01335886147146107,0.13010764122009277
mc_attreg_std,friedman2,5000,0.5,,0.19531892243789145,0.015636282826634724,0.3720066547393799
mc_attreg_std,friedman2,5000,1.0,,0.298942579028192,0.01802318100553776,0.3035306930541992
mc_attreg_std,friedman2,5000,2.0,,0.39285294516250635,0.012850134811817416,0.2938508987426758
mc_attreg_std,friedman2,5000,3.0,,0.4487988164945985,0.013666081409294812,0.3434164524078369
mc_attreg_std,friedman3,500,0.5,,0.274387287888442,0.02823611600059245,0.1036984920501709
mc_attreg_std,friedman3,500,1.0,,0.43511213610660987,0.016443159001485002,0.09983086585998535
mc_attreg_std,friedman3,500,2.0,,0.5889490027868931,0.027548677985100824,0.08188796043395996
mc_attreg_std,friedman3,500,3.0,,0.6655007975819452,0.020482684927764373,0.08411717414855957
mc_attreg_std,friedman3,1000,0.5,,0.2963919125124618,0.018461375833519835,0.08060598373413086
mc_attreg_std,friedman3,1000,1.0,,0.4519936014396467,0.01546433399737545,0.08058714866638184
mc_attreg_std,friedman3,1000,2.0,,0.6100476417561473,0.012881775924020759,0.08162117004394531
mc_attreg_std,friedman3,1000,3.0,,0.686218171454726,0.01763702788470168,0.10111308097839355
mc_attreg_std,friedman3,2500,0.5,,0.3174761885416418,0.018801517085637123,0.1308448314666748
mc_attreg_std,friedman3,2500,1.0,,0.45959718905970187,0.018013668479627144,0.12315201759338379
mc_attreg_std,friedman3,2500,2.0,,0.6209578998959013,0.019056472716889993,0.12991738319396973
mc_attreg_std,friedman3,2500,3.0,,0.69101349414517,0.016885732301870952,0.13065528869628906
mc_attreg_std,friedman3,5000,0.5,,0.3067682400232236,0.014887320144517225,0.3042483329772949
mc_attreg_std,friedman3,5000,1.0,,0.46980471863945095,0.012310914090661268,0.29460787773132324
mc_attreg_std,friedman3,5000,2.0,,0.615136446654383,0.010023545545419715,0.29416418075561523
mc_attreg_std,friedman3,5000,3.0,,0.6924288935167484,0.012219337198962347,0.29975152015686035
mc_attreg_std,rotated_sine,500,0.5,,0.1272694121694483,0.030617282996759188,0.08890342712402344
mc_attreg_std,rotated_sine,500,1.0,,0.23868713794116608,0.0253814492434354,0.10115337371826172
mc_attreg_std,rotated_sine,500,2.0,,0.31720600188280623,0.030331579186391035,0.07856583595275879
mc_attreg_std,rotated_sine,500,3.0,,0.3705655317790602,0.04079971270974374,0.08838748931884766
mc_attreg_std,rotated_sine,1000,0.5,,0.16402219311421043,0.021231468742080598,0.07776260375976562
mc_attreg_std,rotated_sine,1000,1.0,,0.25055103554942054,0.012192834993472554,0.07723736763000488
mc_attreg_std,rotated_sine,1000,2.0,,0.34966533298483965,0.010544312060470292,0.08306217193603516
mc_attreg_std,rotated_sine,1000,3.0,,0.3819580013349087,0.016445427951158855,0.08379840850830078
mc_attreg_std,rotated_sine,2500,0.5,,0.16803815969834596,0.01350971691648075,0.12899351119995117
mc_attreg_std,rotated_sine,2500,1.0,,0.2664052368378405,0.009769504006511626,0.12883734703063965
mc_attreg_std,rotated_sine,2500,2.0,,0.34740496844567753,0.00872444118766258,0.18881487846374512
mc_attreg_std,rotated_sine,2500,3.0,,0.39603637203456726,0.012249516752632474,0.12923789024353027
mc_attreg_std,rotated_sine,5000,0.5,,0.18034448323501545,0.007286682076459467,0.3012714385986328
mc_attreg_std,rotated_sine,5000,1.0,,0.26458307237699036,0.012956739627735086,0.3130056858062744
mc_attreg_std,rotated_sine,5000,2.0,,0.34871976737843147,0.007606403659517572,0.3072061538696289
mc_attreg_std,rotated_sine,5000,3.0,,0.3979022111672899,0.017081135730114876,0.3001284599304199
mc_attreg_std,soft_radial,500,0.5,,-0.028816181751893866,0.03109529286376133,0.07793092727661133
mc_attreg_std,soft_radial,500,1.0,,-0.05106768009074333,0.04109419238584323,0.07783293724060059
mc_attreg_std,soft_radial,500,2.0,,-0.03714072972429174,0.042468781404024276,0.0789330005645752
mc_attreg_std,soft_radial,500,3.0,,-0.04614477512255251,0.0348171594871442,0.12115621566772461
mc_attreg_std,soft_radial,1000,0.5,,-0.0048437784847106926,0.02130397215148205,0.08474493026733398
mc_attreg_std,soft_radial,1000,1.0,,-0.0189552102974056,0.02665215909387639,0.08980369567871094
mc_attreg_std,soft_radial,1000,2.0,,-0.029114838936782128,0.03739224887151594,0.08290624618530273
mc_attreg_std,soft_radial,1000,3.0,,-0.01299850440077992,0.030145466853326648,0.08081507682800293
mc_attreg_std,soft_radial,2500,0.5,,-0.013581949498677536,0.018769684729419346,0.15214014053344727
mc_attreg_std,soft_radial,2500,1.0,,-0.020962763722740287,0.0332004688576412,0.17256569862365723
mc_attreg_std,soft_radial,2500,2.0,,-0.011596730758080898,0.01705879312044955,0.12900352478027344
mc_attreg_std,soft_radial,2500,3.0,,-0.0026058656112495915,0.02144059949972019,0.1300516128540039
mc_attreg_std,soft_radial,5000,0.5,,-0.01144070633598956,0.026863999690885366,0.42086219787597656
mc_attreg_std,soft_radial,5000,1.0,,-0.025946261915223957,0.02152412184585897,0.3088417053222656
mc_attreg_std,soft_radial,5000,2.0,,-0.004058032629102415,0.019042291156263998,0.29524660110473633
mc_attreg_std,soft_radial,5000,3.0,,0.004455479913274829,0.017246783124914383,0.29686903953552246
