kind,dataset,variant,seed_idx,r2,wall_s,error
sens,California,d32,0,0.7597371935844421,16.83710241317749,
sens,California,d32,1,0.772599458694458,14.563841104507446,
sens,California,d32,2,0.7971212863922119,18.51784586906433,
sens,California,d32,3,0.7420186400413513,27.290525436401367,
sens,California,d32,4,0.774540364742279,23.952031135559082,
sens,California,d128,0,0.7428247928619385,30.74263572692871,
sens,California,d128,1,0.7754379510879517,31.4184308052063,
sens,California,d128,2,0.7872576713562012,30.335640907287598,
sens,California,d128,3,0.7484159469604492,26.737640380859375,
sens,California,d128,4,0.7781426310539246,31.848196744918823,
sens,California,dr00,0,0.7625538110733032,19.195332288742065,
sens,California,dr00,1,0.7833138108253479,20.31100082397461,
sens,California,dr00,2,0.7881940603256226,25.899447917938232,
sens,California,dr00,3,0.7389131784439087,30.14562678337097,
sens,California,dr00,4,0.7777811288833618,17.5101637840271,
sens,California,dr03,0,0.7592892050743103,25.615582704544067,
sens,California,dr03,1,0.7807848453521729,18.34522819519043,
sens,California,dr03,2,0.7854543328285217,28.185750484466553,
sens,California,dr03,3,0.7314251661300659,18.47044801712036,
sens,California,dr03,4,0.7702601552009583,12.727633714675903,
sens,California,lr1em4,0,0.7665765285491943,39.0770218372345,
sens,California,lr1em4,1,0.7773288488388062,24.185835123062134,
sens,California,lr1em4,2,0.7889229655265808,41.73103380203247,
sens,California,lr1em4,3,0.7497196197509766,47.344614028930664,
sens,California,lr1em4,4,0.7794317007064819,35.859578371047974,
sens,California,lr1em2,0,0.7473432421684265,12.788421630859375,
sens,California,lr1em2,1,0.7795125842094421,11.734251737594604,
sens,California,lr1em2,2,0.7644153833389282,11.986974716186523,
sens,California,lr1em2,3,0.7298427820205688,14.858610391616821,
sens,California,lr1em2,4,0.7658548355102539,11.499669313430786,
sens,Yacht,d32,0,0.7235536575317383,2.771662712097168,
sens,Yacht,d32,1,0.7187315225601196,2.4674484729766846,
sens,Yacht,d32,2,0.8828139901161194,2.8507907390594482,
sens,Yacht,d32,3,0.8029681444168091,2.314521551132202,
sens,Yacht,d32,4,0.7879156470298767,2.4472382068634033,
sens,Yacht,d128,0,0.9934866428375244,2.5760886669158936,
sens,Yacht,d128,1,0.9820416569709778,2.9876084327697754,
sens,Yacht,d128,2,0.9893502593040466,2.608999013900757,
sens,Yacht,d128,3,0.9959865808486938,3.7152764797210693,
sens,Yacht,d128,4,0.9940655827522278,2.6275315284729004,
sens,Yacht,dr00,0,0.9434420466423035,3.436000108718872,
sens,Yacht,dr00,1,0.9426248669624329,3.245866060256958,
sens,Yacht,dr00,2,0.996978223323822,2.435797929763794,
sens,Yacht,dr00,3,0.9603728652000427,2.765430450439453,
sens,Yacht,dr00,4,0.9695602059364319,2.681020498275757,
sens,Yacht,dr03,0,0.9342944025993347,2.9504454135894775,
sens,Yacht,dr03,1,0.9161967039108276,2.424971580505371,
sens,Yacht,dr03,2,0.974778413772583,2.411060333251953,
sens,Yacht,dr03,3,0.9378018975257874,2.7357425689697266,
sens,Yacht,dr03,4,0.9626574516296387,3.01979660987854,
sens,Yacht,lr1em4,0,0.5930963754653931,2.4927239418029785,
sens,Yacht,lr1em4,1,0.5316488146781921,3.9015495777130127,
sens,Yacht,lr1em4,2,0.718848466873169,2.713639974594116,
sens,Yacht,lr1em4,3,0.6541345119476318,3.2056148052215576,
sens,Yacht,lr1em4,4,0.6646167635917664,3.4137182235717773,
sens,Yacht,lr1em2,0,0.9913191199302673,0.9534909725189209,
sens,Yacht,lr1em2,1,0.9842678904533386,1.1035242080688477,
sens,Yacht,lr1em2,2,0.9917658567428589,0.8829898834228516,
sens,Yacht,lr1em2,3,0.9835854768753052,1.0634100437164307,
sens,Yacht,lr1em2,4,0.9888620972633362,0.9659996032714844,
sens,Energy,d32,0,0.9951081871986389,6.630160808563232,
sens,Energy,d32,1,0.9863041639328003,6.394889831542969,
sens,Energy,d32,2,0.9942856431007385,8.98197603225708,
sens,Energy,d32,3,0.9858304858207703,6.9495861530303955,
sens,Energy,d32,4,0.9955549836158752,8.970215082168579,
sens,Energy,d128,0,0.9961516857147217,5.728681325912476,
sens,Energy,d128,1,0.9941334128379822,4.869859933853149,
sens,Energy,d128,2,0.9962435960769653,7.264040946960449,
sens,Energy,d128,3,0.9973503947257996,7.036473512649536,
sens,Energy,d128,4,0.9970170855522156,5.385132789611816,
sens,Energy,dr00,0,0.9964391589164734,7.9430224895477295,
sens,Energy,dr00,1,0.9972249269485474,8.63613247871399,
sens,Energy,dr00,2,0.9951439499855042,7.666482448577881,
sens,Energy,dr00,3,0.986111044883728,4.7080159187316895,
sens,Energy,dr00,4,0.9956275820732117,6.7237937450408936,
sens,Energy,dr03,0,0.9920555949211121,5.633712291717529,
sens,Energy,dr03,1,0.9920609593391418,5.145622730255127,
sens,Energy,dr03,2,0.9926981329917908,5.974991798400879,
sens,Energy,dr03,3,0.9880514144897461,5.74906325340271,
sens,Energy,dr03,4,0.996782124042511,6.556673049926758,
sens,Energy,lr1em4,0,0.8983736038208008,8.963814735412598,
sens,Energy,lr1em4,1,0.90335613489151,9.764737129211426,
sens,Energy,lr1em4,2,0.9085597395896912,9.220377922058105,
sens,Energy,lr1em4,3,0.8966850638389587,9.27051830291748,
sens,Energy,lr1em4,4,0.9212856292724609,10.387072324752808,
sens,Energy,lr1em2,0,0.9884293079376221,2.9258058071136475,
sens,Energy,lr1em2,1,0.9905655980110168,4.960283041000366,
sens,Energy,lr1em2,2,0.985776960849762,2.9994897842407227,
sens,Energy,lr1em2,3,0.975972056388855,1.8675384521484375,
sens,Energy,lr1em2,4,0.9892139434814453,2.933258533477783,
sens,Concrete,d32,0,0.8784192204475403,9.625738143920898,
sens,Concrete,d32,1,0.8777927160263062,10.685547828674316,
sens,Concrete,d32,2,0.8772116899490356,9.17445421218872,
sens,Concrete,d32,3,0.8764722347259521,9.19866681098938,
sens,Concrete,d32,4,0.8644791841506958,8.370311498641968,
sens,Concrete,d128,0,0.8832852840423584,7.137192249298096,
sens,Concrete,d128,1,0.8856692314147949,5.876270771026611,
sens,Concrete,d128,2,0.8929719924926758,6.905783653259277,
sens,Concrete,d128,3,0.9122177362442017,5.93340539932251,
sens,Concrete,d128,4,0.9123378396034241,7.769238233566284,
sens,Concrete,dr00,0,0.8859010934829712,11.105737924575806,
sens,Concrete,dr00,1,0.8847543001174927,7.19132137298584,
sens,Concrete,dr00,2,0.8863661885261536,9.507472276687622,
sens,Concrete,dr00,3,0.9061024188995361,5.686647415161133,
sens,Concrete,dr00,4,0.9085643291473389,7.771311283111572,
sens,Concrete,dr03,0,0.8694773316383362,9.609534978866577,
sens,Concrete,dr03,1,0.8734057545661926,6.347854852676392,
sens,Concrete,dr03,2,0.8696240782737732,6.612583160400391,
sens,Concrete,dr03,3,0.903397262096405,7.16846489906311,
sens,Concrete,dr03,4,0.9049899578094482,6.824406623840332,
sens,Concrete,lr1em4,0,0.5982211828231812,9.653462648391724,
sens,Concrete,lr1em4,1,0.5448472499847412,10.660639524459839,
sens,Concrete,lr1em4,2,0.5665633678436279,10.502720832824707,
sens,Concrete,lr1em4,3,0.5915839076042175,11.104912042617798,
sens,Concrete,lr1em4,4,0.5911300182342529,10.474677801132202,
sens,Concrete,lr1em2,0,0.883042573928833,3.231131076812744,
sens,Concrete,lr1em2,1,0.8693406581878662,3.578192949295044,
sens,Concrete,lr1em2,2,0.8981630206108093,2.9750726222991943,
sens,Concrete,lr1em2,3,0.9080433249473572,4.3606908321380615,
sens,Concrete,lr1em2,4,0.9170154333114624,3.4947118759155273,
sens,Airfoil,d32,0,0.9441225528717041,5.697042465209961,
sens,Airfoil,d32,1,0.9376860857009888,6.250427007675171,
sens,Airfoil,d32,2,0.9340921640396118,5.040997743606567,
sens,Airfoil,d32,3,0.869519829750061,3.086690664291382,
sens,Airfoil,d32,4,0.9251134395599365,5.782273292541504,
sens,Airfoil,d128,0,0.9519643187522888,4.122128009796143,
sens,Airfoil,d128,1,0.9337621331214905,4.28173565864563,
sens,Airfoil,d128,2,0.9343823194503784,3.838515281677246,
sens,Airfoil,d128,3,0.8683446645736694,3.233846426010132,
sens,Airfoil,d128,4,0.9404008984565735,5.2351274490356445,
sens,Airfoil,dr00,0,0.9541523456573486,4.583630323410034,
sens,Airfoil,dr00,1,0.9379839897155762,4.00756311416626,
sens,Airfoil,dr00,2,0.9479840993881226,5.791005373001099,
sens,Airfoil,dr00,3,0.8953100442886353,3.71928071975708,
sens,Airfoil,dr00,4,0.9258306622505188,4.665804862976074,
sens,Airfoil,dr03,0,0.9446722865104675,4.832208156585693,
sens,Airfoil,dr03,1,0.9298064708709717,4.6315367221832275,
sens,Airfoil,dr03,2,0.9314841628074646,3.6442136764526367,
sens,Airfoil,dr03,3,0.8669776320457458,2.9884846210479736,
sens,Airfoil,dr03,4,0.9237509369850159,4.799705505371094,
sens,Airfoil,lr1em4,0,0.8392947316169739,7.3598151206970215,
sens,Airfoil,lr1em4,1,0.8206406235694885,7.315234899520874,
sens,Airfoil,lr1em4,2,0.8155069351196289,7.916927814483643,
sens,Airfoil,lr1em4,3,0.7893252372741699,7.0840654373168945,
sens,Airfoil,lr1em4,4,0.8130807876586914,7.245855808258057,
sens,Airfoil,lr1em2,0,0.94083172082901,1.862947702407837,
sens,Airfoil,lr1em2,1,0.936493456363678,1.7796664237976074,
sens,Airfoil,lr1em2,2,0.9589910507202148,3.4295122623443604,
sens,Airfoil,lr1em2,3,0.8722476959228516,1.5995209217071533,
sens,Airfoil,lr1em2,4,0.9306548833847046,2.054610013961792,
sens,Abalone,d32,0,0.32450926303863525,3.752389907836914,
sens,Abalone,d32,1,0.3457046151161194,6.618396997451782,
sens,Abalone,d32,2,0.3277761936187744,4.714105844497681,
sens,Abalone,d32,3,0.34011995792388916,5.431005001068115,
sens,Abalone,d32,4,0.3183395266532898,5.224461078643799,
sens,Abalone,d128,0,0.33793485164642334,9.011928081512451,
sens,Abalone,d128,1,0.34518349170684814,13.809207201004028,
sens,Abalone,d128,2,0.3249979019165039,14.046525239944458,
sens,Abalone,d128,3,0.33210229873657227,10.040853261947632,
sens,Abalone,d128,4,0.3107925057411194,9.14894723892212,
sens,Abalone,dr00,0,0.33039742708206177,5.016977787017822,
sens,Abalone,dr00,1,0.346060574054718,5.971865177154541,
sens,Abalone,dr00,2,0.32180196046829224,9.067199468612671,
sens,Abalone,dr00,3,0.3376855254173279,4.984282732009888,
sens,Abalone,dr00,4,0.31886905431747437,5.783077716827393,
sens,Abalone,dr03,0,0.32885223627090454,4.524413108825684,
sens,Abalone,dr03,1,0.3490583300590515,7.258804559707642,
sens,Abalone,dr03,2,0.3263780474662781,9.977430820465088,
sens,Abalone,dr03,3,0.3375740051269531,5.729394197463989,
sens,Abalone,dr03,4,0.3166942596435547,5.31531286239624,
sens,Abalone,lr1em4,0,0.331717848777771,7.710106134414673,
sens,Abalone,lr1em4,1,0.3471643924713135,11.849995613098145,
sens,Abalone,lr1em4,2,0.3332475423812866,16.694377899169922,
sens,Abalone,lr1em4,3,0.33663320541381836,11.234022855758667,
sens,Abalone,lr1em4,4,0.31368404626846313,8.002440690994263,
sens,Abalone,lr1em2,0,0.3250049948692322,6.812424659729004,
sens,Abalone,lr1em2,1,0.3498704433441162,6.413362264633179,
sens,Abalone,lr1em2,2,0.32278507947921753,6.753339052200317,
sens,Abalone,lr1em2,3,0.3376361131668091,5.26250147819519,
sens,Abalone,lr1em2,4,0.32059669494628906,5.452615022659302,
sens,Kin8nm,d32,0,0.9093917012214661,19.187064170837402,
sens,Kin8nm,d32,1,0.914991557598114,13.147109270095825,
sens,Kin8nm,d32,2,0.9123257398605347,13.291967391967773,
sens,Kin8nm,d32,3,0.918567955493927,15.617279291152954,
sens,Kin8nm,d32,4,0.9182180166244507,12.566675662994385,
sens,Kin8nm,d128,0,0.9130938649177551,23.713101148605347,
sens,Kin8nm,d128,1,0.9160430431365967,22.043372631072998,
sens,Kin8nm,d128,2,0.9136425852775574,21.858211994171143,
sens,Kin8nm,d128,3,0.9190365076065063,29.876646518707275,
sens,Kin8nm,d128,4,0.9154355525970459,22.51413655281067,
sens,Kin8nm,dr00,0,0.9121658205986023,14.967459201812744,
sens,Kin8nm,dr00,1,0.9128134250640869,15.662904262542725,
sens,Kin8nm,dr00,2,0.9122284054756165,15.988240718841553,
sens,Kin8nm,dr00,3,0.9228891730308533,17.982202768325806,
sens,Kin8nm,dr00,4,0.9184746742248535,14.622820854187012,
sens,Kin8nm,dr03,0,0.9119757413864136,18.896563291549683,
sens,Kin8nm,dr03,1,0.9182586669921875,20.47843337059021,
sens,Kin8nm,dr03,2,0.9173134565353394,22.402488470077515,
sens,Kin8nm,dr03,3,0.9256585836410522,18.050768613815308,
sens,Kin8nm,dr03,4,0.9268386960029602,22.0917546749115,
sens,Kin8nm,lr1em4,0,0.9079689383506775,34.493144273757935,
sens,Kin8nm,lr1em4,1,0.9123343825340271,35.48291802406311,
sens,Kin8nm,lr1em4,2,0.9134571552276611,44.968541383743286,
sens,Kin8nm,lr1em4,3,0.9203677177429199,44.459009885787964,
sens,Kin8nm,lr1em4,4,0.9142820239067078,35.76253962516785,
sens,Kin8nm,lr1em2,0,0.9065777063369751,13.623575210571289,
sens,Kin8nm,lr1em2,1,0.9133936166763306,13.46298861503601,
sens,Kin8nm,lr1em2,2,0.9091768860816956,14.94603681564331,
sens,Kin8nm,lr1em2,3,0.9139407873153687,14.34557843208313,
sens,Kin8nm,lr1em2,4,0.9188013672828674,17.190126180648804,
sens,Protein,d32,0,0.4466973543167114,17.79228186607361,
sens,Protein,d32,1,0.42791748046875,22.66342329978943,
sens,Protein,d32,2,0.43654316663742065,20.55132269859314,
sens,Protein,d32,3,0.451413094997406,16.831318855285645,
sens,Protein,d32,4,0.4432966709136963,21.071226119995117,
sens,Protein,d128,0,0.46784406900405884,27.580990076065063,
sens,Protein,d128,1,0.4302751421928406,29.569029331207275,
sens,Protein,d128,2,0.444755494594574,27.803925037384033,
sens,Protein,d128,3,0.4615451693534851,33.2053906917572,
sens,Protein,d128,4,0.46365708112716675,30.677054405212402,
sens,Protein,dr00,0,0.47631239891052246,28.506109952926636,
sens,Protein,dr00,1,0.449246346950531,20.616032361984253,
sens,Protein,dr00,2,0.4844474792480469,22.952938079833984,
sens,Protein,dr00,3,0.4867978096008301,32.848244190216064,
sens,Protein,dr00,4,0.4772825837135315,24.118305921554565,
sens,Protein,dr03,0,0.454415500164032,20.665223360061646,
sens,Protein,dr03,1,0.4190322160720825,20.967790842056274,
sens,Protein,dr03,2,0.40434467792510986,17.24837899208069,
sens,Protein,dr03,3,0.44075167179107666,22.518109560012817,
sens,Protein,dr03,4,0.42868322134017944,17.609854221343994,
sens,Protein,lr1em4,0,0.45198988914489746,54.22870111465454,
sens,Protein,lr1em4,1,0.4181169867515564,60.73272633552551,
sens,Protein,lr1em4,2,0.3997878432273865,48.1630003452301,
sens,Protein,lr1em4,3,0.44508618116378784,57.82257318496704,
sens,Protein,lr1em4,4,0.40581661462783813,17.64909267425537,
sens,Protein,lr1em2,0,0.45754867792129517,30.40426731109619,
sens,Protein,lr1em2,1,0.40832632780075073,15.897120475769043,
sens,Protein,lr1em2,2,0.4117489457130432,15.641886472702026,
sens,Protein,lr1em2,3,0.4856942296028137,17.074565887451172,
sens,Protein,lr1em2,4,0.42636215686798096,13.794894456863403,
