kind,dgp,N,snr,error,OLS_mean,OLS_sd,RF_mean,RF_sd,GBM_mean,GBM_sd,MLP_mean,MLP_sd,AttReg_mean,AttReg_sd,wall_s
mc,linear,500,0.5,,0.32740865349769593,0.026246625417147874,0.27546003849605516,0.02349566788435859,0.27174439210850837,0.022412199706072857,0.3114057004451752,0.02817434251472299,0.17447882294654846,0.021670320507293405,25.69761347770691
mc,linear,500,1.0,,0.5069163560867309,0.03010081183279965,0.43326567537107075,0.022904755986020885,0.45540274128632435,0.0259183950842814,0.4883843719959259,0.033037240130451374,0.29003952741622924,0.02672105861409751,29.573471069335938
mc,linear,500,2.0,,0.6576424896717071,0.02400403945305901,0.5791561883832665,0.022077617280121586,0.6096862700690963,0.025722826665074177,0.6279282391071319,0.027764264272536854,0.3771768093109131,0.02337917687290542,27.251776456832886
mc,linear,500,3.0,,0.7580820262432099,0.021283300236232823,0.6682546878083178,0.020787381936759323,0.707914729252773,0.021948728387254163,0.7397850036621094,0.02231319580470707,0.43165441155433654,0.026384727386923434,31.52066922187805
mc,linear,1000,0.5,,0.33164498805999754,0.034597625580499794,0.28491690350137205,0.034749675840053666,0.2956249275652297,0.03667933370150684,0.3125934422016144,0.03257428324079319,0.18366237878799438,0.03231508730764631,46.783719539642334
mc,linear,1000,1.0,,0.5004201650619506,0.02312809561335612,0.4465558499372756,0.025362962303610164,0.4601771372393303,0.029165598226680432,0.48529165983200073,0.029626018668227026,0.29914249777793883,0.01790021967345293,39.38396644592285
mc,linear,1000,2.0,,0.6550211250782013,0.013013657947931731,0.5944453128799664,0.013871970775449455,0.6145296059886283,0.01739462382022868,0.640571677684784,0.013370262553176101,0.3729442894458771,0.017327394835292872,42.162757396698
mc,linear,1000,3.0,,0.7477039635181427,0.014713380777005562,0.6841644138224603,0.014643128138471209,0.7127635002177044,0.015148668700539136,0.7343542218208313,0.01593089481962808,0.4341965317726135,0.017315705248739578,31.388986349105835
mc,linear,2500,0.5,,0.33499359488487246,0.019085972663008797,0.3016950704577894,0.016584679166642927,0.31402768368328526,0.018206011728948854,0.32699174880981446,0.017177442611292545,0.20217396020889283,0.016480813618168846,58.879706382751465
mc,linear,2500,1.0,,0.5016851842403411,0.01938939431116455,0.4612117585380779,0.02084137931950472,0.4785999336949679,0.02095253617768176,0.49322723150253295,0.018557847444731056,0.2964458465576172,0.01436661650669005,57.92979097366333
mc,linear,2500,2.0,,0.6615099847316742,0.01224869768326319,0.6264235440660586,0.01018690325573291,0.6422665266894221,0.0105697294798572,0.6534297704696655,0.014770976251672695,0.3905473828315735,0.012816455193506616,69.93247985839844
mc,linear,2500,3.0,,0.7445479750633239,0.01927869193822002,0.7018824045124206,0.018061683933663954,0.7183901380814733,0.019475446508483565,0.7381272137165069,0.021378640206068934,0.4406097114086151,0.019508978668143863,63.28382682800293
mc,linear,5000,0.5,,0.32894566655158997,0.02209329762532692,0.2935538254952772,0.02551501191154295,0.3135532771472064,0.019169951727794766,0.32260574102401735,0.021724842681269358,0.19285678267478942,0.018695839128348577,110.3593909740448
mc,linear,5000,1.0,,0.4905440926551819,0.026532371936750194,0.46017364094970403,0.024830676456181734,0.47549547941370485,0.02470476418336693,0.4831368148326874,0.025739506599716796,0.29328892230987547,0.022016379994795342,110.34231901168823
mc,linear,5000,2.0,,0.6664317190647125,0.023020661681884286,0.6342685009386908,0.020949214432872735,0.6461825434493205,0.01951257691232398,0.6615134298801422,0.021966795429613665,0.3959721207618713,0.017446413243526308,126.2888708114624
mc,linear,5000,3.0,,0.7398346722126007,0.014488306814868804,0.7095213950156931,0.012034927094331958,0.7197386389171375,0.014206499749777009,0.7344656825065613,0.013724039539278346,0.4360229015350342,0.021003506245592735,108.60691690444946
mc,friedman1,500,0.5,,0.2367025077342987,0.026916485812853826,0.2467799127953471,0.02216851159309929,0.2349700341195154,0.030214967028792016,0.24947911500930786,0.032463793070671175,0.07066389322280883,0.01039991000216784,31.712366819381714
mc,friedman1,500,1.0,,0.36097562313079834,0.018199200044229338,0.40327940341398616,0.016975889673145672,0.4043908793780582,0.01252020862322149,0.38959327936172483,0.02230591325945972,0.13478819131851197,0.022966644699362652,31.16118359565735
mc,friedman1,500,2.0,,0.49225274920463563,0.027680099443710294,0.5489452513889501,0.015698512252923954,0.5607676168469649,0.021566113467203333,0.5961472809314727,0.02660265372383056,0.19031862020492554,0.022755142214220064,41.51834011077881
mc,friedman1,500,3.0,,0.5533291578292847,0.015225707927717401,0.6331324897355743,0.010958221646392902,0.6550634747015381,0.01564283154926175,0.6840282559394837,0.026721140854039954,0.21604132652282715,0.01567174094116498,38.27239394187927
mc,friedman1,1000,0.5,,0.2517723858356476,0.022284031451885004,0.26907809402808036,0.028401549820859122,0.2778631519120022,0.026645884473557497,0.27284412980079653,0.04247384452074413,0.09338913559913635,0.016765719563070505,58.87280631065369
mc,friedman1,1000,1.0,,0.37993364930152895,0.022363974653939137,0.42696460094990163,0.02111311385305241,0.43593055066691394,0.025734561928672853,0.4596475064754486,0.027218633349363176,0.13547665476799012,0.011738460932003892,52.99838471412659
mc,friedman1,1000,2.0,,0.4962994873523712,0.022341340918729368,0.5813994954598019,0.01421645541453322,0.5894308955575467,0.021149878902146004,0.6263357877731324,0.02514529609167669,0.19868202805519103,0.015056082971199139,55.33146643638611
mc,friedman1,1000,3.0,,0.5647829890251159,0.020480456132012038,0.6632418401278954,0.011483973742252561,0.6752690592562268,0.010028874574191255,0.7256045520305634,0.016484978880869333,0.2152407646179199,0.020967220970631133,82.989821434021
mc,friedman1,2500,0.5,,0.2554690599441528,0.025479195974061446,0.29501179375348546,0.017868463700486094,0.30354182855628375,0.01622741653759061,0.31676713228225706,0.02165326629894022,0.09710917472839356,0.01644421598842795,114.40104341506958
mc,friedman1,2500,1.0,,0.3751667678356171,0.022144957957033567,0.45061367252621043,0.01775350494323206,0.4526020539393153,0.019553865117482954,0.4852820158004761,0.01294413240005009,0.1441361665725708,0.016964690824384655,110.92547988891602
mc,friedman1,2500,2.0,,0.4935016632080078,0.02488968644007823,0.5983260703972597,0.01571547255802723,0.6014571231701263,0.01087140501991086,0.6413731098175048,0.018522279055271762,0.200054270029068,0.011009175363628951,115.64931774139404
mc,friedman1,2500,3.0,,0.561411452293396,0.021286662897820007,0.6800217148701173,0.016330513613827796,0.6819675970761188,0.015107560843662287,0.7312923789024353,0.020830118513095592,0.234287828207016,0.012028781515733574,105.26066708564758
mc,friedman1,5000,0.5,,0.2506594002246857,0.027380989434348826,0.2945554680650398,0.02372826932933435,0.30418389263478973,0.025870600600472013,0.32255139350891116,0.027009362262322735,0.09973282814025879,0.01391102478175123,175.51199436187744
mc,friedman1,5000,1.0,,0.39492896795272825,0.02044520736931355,0.4746370748101755,0.017397834861537887,0.4774545852975686,0.01926611134682233,0.511699378490448,0.02277201445504186,0.15576278567314147,0.011751136418326273,185.3838713169098
mc,friedman1,5000,2.0,,0.5022668421268464,0.024070475046734582,0.6107185034486073,0.017896877498649877,0.603941877724508,0.01919448292642127,0.6438136637210846,0.022734787784695124,0.2025609314441681,0.023558592227019823,174.91683769226074
mc,friedman1,5000,3.0,,0.545481538772583,0.021124436839697464,0.6849678625919319,0.01016559912169936,0.6754292507250601,0.013088889785236422,0.7285646438598633,0.011378635075270484,0.21983610987663268,0.016722173765896665,206.16268873214722
mc,friedman2,500,0.5,,0.0171528160572052,0.014288381315406218,0.14374734328772032,0.03316644119663072,0.0924440885496937,0.04048332495013349,0.25657014846801757,0.031332706130759364,0.056825673580169676,0.015748828182602044,33.48669981956482
mc,friedman2,500,1.0,,0.03864923119544983,0.016005937757792996,0.2686388531585896,0.019534971373418773,0.2242656868699187,0.04614212570613252,0.44371427297592164,0.02772165889820729,0.09491172432899475,0.020469070888356082,26.827732801437378
mc,friedman2,500,2.0,,0.04827544093132019,0.0121431826277481,0.3652672658755372,0.018615710770921553,0.3344822357798325,0.05394737490621184,0.5994106650352478,0.01776121110434683,0.1367339313030243,0.027978730529630083,31.340064764022827
mc,friedman2,500,3.0,,0.045442748069763186,0.025485149556133114,0.42856226992728086,0.017115322013550625,0.3773228719474554,0.07041304334151186,0.6917034268379212,0.021242939907255086,0.17127676010131837,0.008653442197444558,28.42608404159546
mc,friedman2,1000,0.5,,0.03128317594528198,0.011942305712255371,0.19487387285721672,0.02078176576913988,0.16032457979108056,0.023265424713099336,0.28420352935791016,0.02093791805528416,0.0766384482383728,0.017968056093056028,49.0162787437439
mc,friedman2,1000,1.0,,0.035953134298324585,0.012050048229542625,0.3180938732309613,0.010491113237501359,0.2693092110209315,0.029621160459991115,0.45065417885780334,0.01499865223060857,0.11168389916419982,0.014456714906550367,42.90870499610901
mc,friedman2,1000,2.0,,0.06052882671356201,0.015308339575397152,0.435079698164084,0.01949416157442617,0.3578697714044756,0.034903550613828556,0.6261998891830445,0.013497413957639882,0.1561568021774292,0.012900346817033434,40.76398324966431
mc,friedman2,1000,3.0,,0.06836645603179932,0.01485078771787199,0.49429752942027533,0.01479619003675887,0.4298125278464924,0.05204291823327247,0.7123734056949615,0.016425337848131164,0.18283591270446778,0.008105217230794772,51.12429642677307
mc,friedman2,2500,0.5,,0.027062875032424927,0.013182005732392796,0.23622763460894144,0.01766781444818104,0.1764661990312406,0.01814387679067515,0.3021429181098938,0.023462822719689684,0.07940388917922973,0.012267338984593151,71.98184299468994
mc,friedman2,2500,1.0,,0.043322664499282834,0.016384907144115356,0.37297446041919946,0.017202205159704075,0.28341909280137034,0.027269033370503636,0.47289775013923646,0.023715911040208475,0.11461536288261413,0.016600338659899492,86.09004616737366
mc,friedman2,2500,2.0,,0.046473121643066405,0.016650799882685707,0.5141136404545958,0.01408931186364988,0.40667282219654843,0.019130802524946932,0.6444647252559662,0.012134296948269285,0.15670816898345946,0.018849912222897627,81.02264308929443
mc,friedman2,2500,3.0,,0.06338738799095153,0.01565190679524066,0.5674623531167307,0.011290338134430184,0.4444807470633697,0.025122936159672857,0.71863551735878,0.011742412886740043,0.18396441340446473,0.01314457796334338,76.55274677276611
mc,friedman2,5000,0.5,,0.02862842082977295,0.009871535173666403,0.2594398036054254,0.027291523570738864,0.1928994573344427,0.02228663316034011,0.3190926969051361,0.036703675963133585,0.08417176008224488,0.011903825658369574,136.66864156723022
mc,friedman2,5000,1.0,,0.045269322395324704,0.010464672794104396,0.4041069963839331,0.012862878399663132,0.2940441502269125,0.01862407235379522,0.4767854928970337,0.015386009851922067,0.12453327178955079,0.009147499883475654,126.27368497848511
mc,friedman2,5000,2.0,,0.05007845163345337,0.013210078665531543,0.5410162563631417,0.010145087712515538,0.3977301192107716,0.021847817499471966,0.6410848498344421,0.013207164323991659,0.16284667253494262,0.010247264973452805,128.31371235847473
mc,friedman2,5000,3.0,,0.06411620378494262,0.018641139745167287,0.6245095140633858,0.011749147299489587,0.45623443127989605,0.02021676368586597,0.7305863440036774,0.017707316352965147,0.1771785318851471,0.017209737585451326,135.31300020217896
mc,friedman3,500,0.5,,0.2939186155796051,0.020986721453507377,0.2627788210646724,0.02285982267202498,0.2650763497475743,0.025653174129151586,0.29881972074508667,0.029136041753822603,0.10558188557624817,0.028141344988553543,29.14445209503174
mc,friedman3,500,1.0,,0.4388599991798401,0.038912386999764216,0.4153949686474051,0.035599984211514266,0.4343946874685223,0.0437527637231424,0.4567572236061096,0.04792518560328707,0.16729387044906616,0.020182369606972745,33.12734389305115
mc,friedman3,500,2.0,,0.5891684114933013,0.021168299596085998,0.5673174648539715,0.017856094148662637,0.6076927615326141,0.023590474069137286,0.6392154037952423,0.023777673453633623,0.21998894810676575,0.019671953208579295,34.3065230846405
mc,friedman3,500,3.0,,0.6730510711669921,0.020025484765978985,0.6560966066563234,0.01787679225112142,0.7111719785258906,0.016654568549335096,0.7255411267280578,0.021014470976199295,0.26923837661743166,0.0174479251247572,37.883657693862915
mc,friedman3,1000,0.5,,0.2873118221759796,0.023474282006573675,0.27716904453085006,0.02485457885538936,0.28828605713628075,0.027008921598279407,0.29700925946235657,0.030468378351403695,0.11402429938316345,0.016122651503295636,37.37062978744507
mc,friedman3,1000,1.0,,0.44526149034500123,0.015598913726719807,0.4339352244732875,0.018472246811658908,0.4569001132297201,0.016752029398332997,0.47697765827178956,0.0185117030240593,0.172887921333313,0.022750012463227803,31.04545259475708
mc,friedman3,1000,2.0,,0.5933235287666321,0.018685630746251375,0.5971007225271404,0.017976486781455445,0.6275702650329108,0.017680393813833677,0.6421039581298829,0.0202893591391564,0.2388872444629669,0.011960558702422575,31.897061586380005
mc,friedman3,1000,3.0,,0.6672343492507935,0.014825093908628961,0.6790357769789411,0.008330553004920253,0.7125948215607215,0.010643377456179206,0.7248173117637634,0.012693311517856977,0.2720689415931702,0.011041326564920718,34.729697942733765
mc,friedman3,2500,0.5,,0.30636980533599856,0.02026574132418315,0.29872621655373544,0.02361540494627861,0.3198559235322306,0.02038636599583915,0.32977986335754395,0.023636112310009814,0.11828368306159973,0.014063842859194866,67.40446186065674
mc,friedman3,2500,1.0,,0.45446714758872986,0.020974141600124143,0.4626465330482672,0.01370726064080822,0.482340106001785,0.013656804004446105,0.49735424518585203,0.015341119313332336,0.1883571684360504,0.01777900073052635,68.3254382610321
mc,friedman3,2500,2.0,,0.5873517870903016,0.01801715080135656,0.6168557149588377,0.012949609072899701,0.6411725882491559,0.014308026024385691,0.6528592348098755,0.014486579479846102,0.2473395824432373,0.01320307127972746,78.26679301261902
mc,friedman3,2500,3.0,,0.6710136473178864,0.01270066314752752,0.7027368328819575,0.01154540323895783,0.7255547635952071,0.011276691997848386,0.7379587173461915,0.01334050759462021,0.27557610273361205,0.017130868596771466,81.90928101539612
mc,friedman3,5000,0.5,,0.2941697001457214,0.010246104910249597,0.2996125042991177,0.011363942314509858,0.3174938811817295,0.011922182865300904,0.3256504774093628,0.013774893545061435,0.12251797318458557,0.011459273404900192,142.0897614955902
mc,friedman3,5000,1.0,,0.4500841498374939,0.02141503493153894,0.46959407966527483,0.0218451908070747,0.4869064896352828,0.022920055849720025,0.49512808322906493,0.02238559336385896,0.19027857780456542,0.019538035498590955,141.0304298400879
mc,friedman3,5000,2.0,,0.5904663741588593,0.019159678341847886,0.6280065553581753,0.015857764979440265,0.6449684834107862,0.01706267460373009,0.6532159388065338,0.01777842880624621,0.24822717308998107,0.015954960893737106,131.43600916862488
mc,friedman3,5000,3.0,,0.6694250106811523,0.01277712580525555,0.716123758217529,0.01062697032360677,0.7333282800025664,0.012832090093486669,0.7440006494522095,0.01202050740049271,0.2772615313529968,0.02286582352149603,111.48869705200195
mc,rotated_sine,500,0.5,,0.08340767025947571,0.019618908011116324,0.14264425437941902,0.014332342502796783,0.07764232257347167,0.02143667087752171,0.22114230394363404,0.0443025535578693,0.02342257499694824,0.013191759443334358,28.81036901473999
mc,rotated_sine,500,1.0,,0.13822296857833863,0.022284360039224543,0.24692091034859498,0.019661968795655713,0.17171839909970574,0.03285304689225392,0.4092424750328064,0.0377151464321939,0.05327634215354919,0.013288312311923161,30.860162019729614
mc,rotated_sine,500,2.0,,0.18457819223403932,0.028439328442676843,0.3517879251150979,0.015965325156074968,0.25449750732407683,0.02035734907489502,0.5990414142608642,0.025591668838904298,0.06721165776252747,0.016150960968617796,25.17965078353882
mc,rotated_sine,500,3.0,,0.22384580969810486,0.030221696658287847,0.4087386334941277,0.018249882591124356,0.30522379825875934,0.0312125172334235,0.6969874203205109,0.015001536591459474,0.09873976111412049,0.0133425077143476,26.040571689605713
mc,rotated_sine,1000,0.5,,0.09791614413261414,0.023557142616488388,0.1806116848697487,0.020502372319823603,0.11578562519254718,0.024589839667282065,0.2754001259803772,0.024569184386337088,0.034858536720275876,0.009812244620685777,39.166536808013916
mc,rotated_sine,1000,1.0,,0.14043461084365844,0.02425797187606833,0.2994623546736166,0.007405133694944607,0.20835083171445512,0.02005085920377149,0.43536683917045593,0.05513834482402378,0.06417277455329895,0.014874879018525921,41.31852698326111
mc,rotated_sine,1000,2.0,,0.19265156388282775,0.02789130066623977,0.4264894197390502,0.021973747477664743,0.30107215186557235,0.031014735265284966,0.6249184966087341,0.02356534413697004,0.09014009237289429,0.01469805572836891,54.35714292526245
mc,rotated_sine,1000,3.0,,0.2245493710041046,0.04577285009991189,0.4948812478699892,0.016982741975942177,0.35609236175073294,0.03420623801035377,0.7114629626274109,0.02078976082574206,0.11329611539840698,0.016067294923548806,42.651814222335815
mc,rotated_sine,2500,0.5,,0.09144302010536194,0.025926518549471228,0.2177323822487544,0.01457448711120776,0.1432538183943882,0.018005759676657247,0.2898483157157898,0.026489702801271067,0.041660213470458986,0.013235591692437907,74.01511073112488
mc,rotated_sine,2500,1.0,,0.16160396337509156,0.015802891604286412,0.3657260953157802,0.006650907739301934,0.2473180710184959,0.014309975056693415,0.4747934341430664,0.013474980817982474,0.07386326789855957,0.010835914104545735,75.62572169303894
mc,rotated_sine,2500,2.0,,0.2014673113822937,0.02374799251161451,0.493626222883523,0.009747018201118863,0.3288767366294374,0.018847610074765753,0.6462976157665252,0.011255540975663616,0.10273903012275695,0.019528435467105656,68.68446183204651
mc,rotated_sine,2500,3.0,,0.23055341839790344,0.03695046893146911,0.5608519685386935,0.01087468506450915,0.38840658050262356,0.02277262292415995,0.7297800838947296,0.008507242919049385,0.11102744936943054,0.014023492543939205,75.32638382911682
mc,rotated_sine,5000,0.5,,0.09294248223304749,0.011524947253600388,0.24195749639404732,0.017000965516121395,0.1534020431663647,0.01287472520946054,0.30291193127632143,0.01769561056391993,0.048950481414794925,0.0072456574328499035,136.67477822303772
mc,rotated_sine,5000,1.0,,0.127335262298584,0.01973365118024407,0.38630421212388244,0.017151925791426503,0.2380949448943562,0.011310173297799854,0.47279012799263,0.03048226016686409,0.06922644972801209,0.007122634229196434,123.98508405685425
mc,rotated_sine,5000,2.0,,0.18479447364807128,0.029765155789709712,0.5381656704415441,0.013449627667057592,0.3373236039729811,0.014514245921059975,0.6490535795688629,0.016317124760506396,0.09579395651817321,0.012483121412522061,148.1526608467102
mc,rotated_sine,5000,3.0,,0.2113254427909851,0.03157109782514392,0.6070806283457436,0.009733828313257467,0.39309576656601647,0.02002494047896589,0.7352373659610748,0.00782144167441602,0.11165177822113037,0.017370797848057694,137.75239944458008
mc,soft_radial,500,0.5,,-0.008306831121444702,0.008780593778784223,0.23695492401577561,0.018328250737844103,0.20418551048842976,0.023178360193345064,0.23167166709899903,0.060895105351458215,-0.013876956701278687,0.01692787939280474,32.03710055351257
mc,soft_radial,500,1.0,,-0.014097654819488525,0.010017888014538383,0.37159450501798197,0.023200961561766504,0.3272636982016124,0.01873474642687656,0.41731345653533936,0.03439117361545438,-0.02583279609680176,0.029575309083928567,28.143617630004883
mc,soft_radial,500,2.0,,-0.010721153020858765,0.008139078938300147,0.5161809185466598,0.021535043153083164,0.47123736603010435,0.020277144307751092,0.597043263912201,0.027762706027705062,-0.0003851473331451416,0.03697017096504422,25.27581763267517
mc,soft_radial,500,3.0,,-0.011903345584869385,0.008387928108998308,0.5704654559184504,0.01726836154715731,0.5347948825704538,0.016251580009199195,0.6754591643810273,0.03741189315323327,0.023612666130065917,0.03890714844575097,22.377760887145996
mc,soft_radial,1000,0.5,,-0.006961715221405029,0.004697913273240359,0.2531141297786606,0.019266193318687078,0.2181681664427834,0.020187990003731168,0.2769016146659851,0.029045066929321312,-0.02438133955001831,0.020808323041135085,41.03642773628235
mc,soft_radial,1000,1.0,,-0.007876169681549073,0.0046714212301000885,0.40599130453082377,0.01854333846589408,0.362914376445477,0.02049530699535863,0.4505304217338562,0.024464892128962974,-0.015501409769058228,0.03265913606769473,32.886512994766235
mc,soft_radial,1000,2.0,,-0.008030503988265991,0.00870615541999187,0.5508039942714076,0.023269380084305565,0.4921380649064873,0.019231621799128715,0.6033391177654266,0.02944133408121746,-0.005542773008346558,0.03875772834202923,36.258342266082764
mc,soft_radial,1000,3.0,,-0.0070274949073791506,0.004706180614140573,0.6238696085923273,0.018094501421376533,0.564589894779086,0.017847467646558236,0.6924287021160126,0.027463598864040355,-0.017238646745681763,0.030157894508965246,37.049959897994995
mc,soft_radial,2500,0.5,,-0.002543431520462036,0.0034097158801099235,0.2848328143985782,0.022282210477898735,0.2532621872435555,0.016473295419305794,0.30860908031463624,0.021558541947540543,0.0009529590606689453,0.021302500389227,79.30194878578186
mc,soft_radial,2500,1.0,,-0.003665447235107422,0.0022814467696437492,0.4547649271614116,0.021509328961503787,0.3904396481698655,0.01864997439946122,0.4900790512561798,0.02657102375241019,-0.002657979726791382,0.01854453251508941,71.54429125785828
mc,soft_radial,2500,2.0,,-0.002688920497894287,0.00239433610498175,0.5875092369168312,0.016774367245411866,0.5095402694066526,0.01731646088819121,0.6362281084060669,0.019107473548569294,-0.008471673727035523,0.025686461927754665,85.43098139762878
mc,soft_radial,2500,3.0,,-0.0050245940685272215,0.004378176581278405,0.6665820677259944,0.018192880326900304,0.5752913723293253,0.012233967478306846,0.7175416767597198,0.02027731328564741,-0.017609959840774535,0.03353563667919766,74.87960171699524
mc,soft_radial,5000,0.5,,-0.003031718730926514,0.0034674705794674556,0.29294660951781215,0.042107602099490674,0.2614014749897432,0.027493462898051275,0.3210478723049164,0.039840916674223,-0.013303220272064209,0.028270302401649742,123.46131730079651
mc,soft_radial,5000,1.0,,-0.002954554557800293,0.0017894697582206882,0.4483431440513166,0.03742987157993561,0.3859120385284408,0.021139127516728258,0.4732370138168335,0.03532314937091292,0.006602197885513306,0.02222816419747837,142.55131816864014
mc,soft_radial,5000,2.0,,-0.002301532030105591,0.0026619280355846065,0.6120962489474485,0.020847045294000246,0.5197666041925506,0.020807720944500875,0.6430438458919525,0.02378683082182133,-0.007438826560974121,0.024195481636402914,140.1642632484436
mc,soft_radial,5000,3.0,,-0.002796703577041626,0.0019467466441021207,0.6817304095831738,0.011831535210331406,0.5807564168880311,0.008011608423960521,0.7214507937431336,0.01163481363399355,0.005146139860153198,0.02251693548039525,148.63650584220886
