kind,dataset,seed_idx,steps,ystd,r2,wall_s,error
legacy_attn4,California,0,3000,True,0.7507975101470947,17.302411794662476,
legacy_attn4,California,0,300,True,0.7212339639663696,8.260401010513306,
legacy_attn4,California,1,3000,True,0.7423261404037476,12.059108972549438,
legacy_attn4,California,1,300,True,0.7297887802124023,9.950217962265015,
legacy_attn4,California,2,3000,True,0.7657011151313782,13.919366836547852,
legacy_attn4,California,2,300,True,0.7292006015777588,7.993271827697754,
legacy_attn4,California,3,3000,True,0.7564702033996582,15.989235401153564,
legacy_attn4,California,3,300,True,0.6860767602920532,8.865114688873291,
legacy_attn4,California,4,3000,True,0.739203691482544,10.316402196884155,
legacy_attn4,California,4,300,True,0.7162363529205322,11.590266227722168,
legacy_attn4,Yacht,0,3000,True,0.031558990478515625,6.691307544708252,
legacy_attn4,Yacht,0,300,True,0.031558990478515625,7.414241313934326,
legacy_attn4,Yacht,1,3000,True,0.9040443897247314,6.998410701751709,
legacy_attn4,Yacht,1,300,True,0.9040443897247314,12.87500810623169,
legacy_attn4,Yacht,2,3000,True,0.978545606136322,11.42198634147644,
legacy_attn4,Yacht,2,300,True,0.978545606136322,7.386965751647949,
legacy_attn4,Yacht,3,3000,True,0.9725126028060913,8.316234350204468,
legacy_attn4,Yacht,3,300,True,0.9725126028060913,12.14421558380127,
legacy_attn4,Yacht,4,3000,True,0.9952399730682373,9.754955291748047,
legacy_attn4,Yacht,4,300,True,0.9952399730682373,1.0778694152832031,
legacy_attn4,Energy,0,3000,True,0.9059513807296753,10.135853290557861,
legacy_attn4,Energy,0,300,True,0.9059513807296753,0.9021024703979492,
legacy_attn4,Energy,1,3000,True,0.9507235884666443,7.861128091812134,
legacy_attn4,Energy,1,300,True,0.9507235884666443,1.3541266918182373,
legacy_attn4,Energy,2,3000,True,0.9824463129043579,2.563776969909668,
legacy_attn4,Energy,2,300,True,0.9824463129043579,2.0298619270324707,
legacy_attn4,Energy,3,3000,True,0.988143265247345,3.164405345916748,
legacy_attn4,Energy,3,300,True,0.9858980178833008,2.1795291900634766,
legacy_attn4,Energy,4,3000,True,0.9612200260162354,1.5226235389709473,
legacy_attn4,Energy,4,300,True,0.9612200260162354,1.5710210800170898,
legacy_attn4,Concrete,0,3000,True,0.857388973236084,2.613440990447998,
legacy_attn4,Concrete,0,300,True,0.8220634460449219,2.0933592319488525,
legacy_attn4,Concrete,1,3000,True,0.857754111289978,1.7773025035858154,
legacy_attn4,Concrete,1,300,True,0.857754111289978,2.2516276836395264,
legacy_attn4,Concrete,2,3000,True,0.7349224090576172,5.945187568664551,
legacy_attn4,Concrete,2,300,True,0.7349224090576172,0.8363478183746338,
legacy_attn4,Concrete,3,3000,True,0.17031532526016235,0.33620214462280273,
legacy_attn4,Concrete,3,300,True,0.17031532526016235,0.34283947944641113,
legacy_attn4,Concrete,4,3000,True,0.7669215202331543,1.3840596675872803,
legacy_attn4,Concrete,4,300,True,0.7669215202331543,6.711966276168823,
legacy_attn4,Airfoil,0,3000,True,0.9162998795509338,10.635065078735352,
legacy_attn4,Airfoil,0,300,True,0.87964928150177,2.109908103942871,
legacy_attn4,Airfoil,1,3000,True,0.882599949836731,1.9739329814910889,
legacy_attn4,Airfoil,1,300,True,0.882599949836731,2.4558565616607666,
legacy_attn4,Airfoil,2,3000,True,0.9316989183425903,4.496785402297974,
legacy_attn4,Airfoil,2,300,True,0.8888434767723083,2.1304547786712646,
legacy_attn4,Airfoil,3,3000,True,0.8185793161392212,2.059143543243408,
legacy_attn4,Airfoil,3,300,True,0.8185793161392212,1.8686912059783936,
legacy_attn4,Airfoil,4,3000,True,0.8651090264320374,2.212869644165039,
legacy_attn4,Airfoil,4,300,True,0.8651090264320374,2.2776503562927246,
legacy_attn4,Abalone,0,3000,True,0.3223060369491577,2.8653690814971924,
legacy_attn4,Abalone,0,300,True,0.3223060369491577,2.0858817100524902,
legacy_attn4,Abalone,1,3000,True,0.35954469442367554,9.309391021728516,
legacy_attn4,Abalone,1,300,True,0.35954469442367554,2.1442742347717285,
legacy_attn4,Abalone,2,3000,True,0.3123522996902466,4.096941947937012,
legacy_attn4,Abalone,2,300,True,0.30845147371292114,2.1944165229797363,
legacy_attn4,Abalone,3,3000,True,0.33437371253967285,2.7222533226013184,
legacy_attn4,Abalone,3,300,True,0.33437371253967285,2.50093936920166,
legacy_attn4,Abalone,4,3000,True,0.3119239807128906,8.167507648468018,
legacy_attn4,Abalone,4,300,True,0.3119239807128906,2.85953688621521,
legacy_attn4,Kin8nm,0,3000,True,0.9032528400421143,11.548628330230713,
legacy_attn4,Kin8nm,0,300,True,0.6076450347900391,2.05863094329834,
legacy_attn4,Kin8nm,1,3000,True,0.8799744844436646,7.816243648529053,
legacy_attn4,Kin8nm,1,300,True,0.6169772148132324,2.0924508571624756,
legacy_attn4,Kin8nm,2,3000,True,0.8977059125900269,11.745640754699707,
legacy_attn4,Kin8nm,2,300,True,0.5111440420150757,2.2227559089660645,
legacy_attn4,Kin8nm,3,3000,True,0.8823763728141785,9.966956853866577,
legacy_attn4,Kin8nm,3,300,True,0.5167944431304932,2.101166009902954,
legacy_attn4,Kin8nm,4,3000,True,0.7979220747947693,5.178328514099121,
legacy_attn4,Kin8nm,4,300,True,0.5424929857254028,2.1910598278045654,
legacy_attn4,Protein,0,3000,True,0.4345089793205261,13.075873851776123,
legacy_attn4,Protein,0,300,True,0.29931479692459106,2.0546669960021973,
legacy_attn4,Protein,1,3000,True,0.3989958167076111,10.009067058563232,
legacy_attn4,Protein,1,300,True,0.2945449948310852,2.7471325397491455,
legacy_attn4,Protein,2,3000,True,0.36604827642440796,4.881194353103638,
legacy_attn4,Protein,2,300,True,0.32406067848205566,2.468592643737793,
legacy_attn4,Protein,3,3000,True,0.3639593720436096,7.193012714385986,
legacy_attn4,Protein,3,300,True,0.31970834732055664,2.104538917541504,
legacy_attn4,Protein,4,3000,True,0.3932674527168274,10.715519666671753,
legacy_attn4,Protein,4,300,True,0.3319689631462097,2.37774395942688,
