kind,dataset,model,depth,seed_idx,r2,params,wall_s,error
rb,Yacht,RB-L1,1,2,0.9934548139572144,30273,9.378190040588379,
rb,Yacht,RB-L1,1,4,0.967366099357605,30273,9.982003927230835,
rb,Yacht,RB-L1,1,0,0.9439265131950378,30273,11.463108777999878,
rb,Yacht,RB-L2,2,1,0.9434038996696472,59969,11.050223350524902,
rb,California,RB-L1,1,0,0.7567197680473328,30401,17.858810663223267,
rb,Yacht,RB-L2,2,0,0.9585808515548706,59969,12.88599944114685,
rb,Yacht,RB-L2,2,4,0.9755691885948181,59969,11.343358755111694,
rb,Yacht,RB-L1,1,3,0.9559492468833923,30273,13.274269104003906,
rb,Yacht,RB-L3,3,1,0.9380715489387512,89665,12.442169666290283,
rb,Concrete,RB-L1,1,3,0.9042910933494568,30401,6.175447463989258,
rb,Yacht,RB-L3,3,2,0.9870239496231079,89665,13.00535798072815,
rb,Yacht,RB-L3,3,0,0.9491804838180542,89665,13.472951173782349,
rb,Yacht,RB-L2,2,2,0.9852645397186279,59969,13.622157573699951,
rb,California,RB-L1,1,1,0.7695441246032715,30401,20.94182324409485,
rb,Yacht,RB-L2,2,3,0.9653974175453186,59969,13.38724160194397,
rb,California,RB-L1,1,2,0.7853922247886658,30401,22.308263301849365,
rb,Yacht,RB-L3,3,3,0.9575062394142151,89665,14.12726092338562,
rb,California,RB-L1,1,4,0.7748677730560303,30401,22.720710515975952,
rb,Energy,RB-L1,1,1,0.9964417219161987,30401,14.174384593963623,
rb,Energy,RB-L1,1,0,0.9950970411300659,30401,14.652667045593262,
rb,Airfoil,RB-L1,1,0,0.9459992051124573,30209,3.643733501434326,
rb,Energy,RB-L1,1,3,0.9934266805648804,30401,14.238391160964966,
rb,Energy,RB-L1,1,4,0.9965217709541321,30401,14.259554147720337,
rb,Airfoil,RB-L1,1,3,0.8853186368942261,30209,3.7154195308685303,
rb,Airfoil,RB-L1,1,1,0.9433977007865906,30209,4.870380878448486,
rb,Airfoil,RB-L1,1,2,0.9467064738273621,30209,4.954679727554321,
rb,Airfoil,RB-L1,1,4,0.928836464881897,30209,4.367879629135132,
rb,Energy,RB-L2,2,1,0.9940460920333862,60097,15.377787828445435,
rb,Energy,RB-L1,1,2,0.9952631592750549,30401,15.930320978164673,
rb,Yacht,RB-L1,1,1,0.9298295378684998,30273,18.038535594940186,
rb,Concrete,RB-L2,2,3,0.8966746926307678,60097,10.898094177246094,
rb,Energy,RB-L2,2,3,0.9945277571678162,60097,15.599754095077515,
rb,Airfoil,RB-L2,2,2,0.9308210611343384,59905,4.318353652954102,
rb,Concrete,RB-L2,2,1,0.8824012875556946,60097,12.855427265167236,
rb,California,RB-L2,2,2,0.78022301197052,60097,27.31023621559143,
rb,Airfoil,RB-L2,2,0,0.9553607106208801,59905,5.90137243270874,
rb,Airfoil,RB-L2,2,3,0.8925915360450745,59905,5.1293723583221436,
rb,California,RB-L1,1,3,0.7239019870758057,30401,28.283772945404053,
rb,Concrete,RB-L2,2,2,0.9089539647102356,60097,13.028901815414429,
rb,Concrete,RB-L1,1,2,0.877605676651001,30401,13.503379821777344,
rb,Concrete,RB-L2,2,0,0.8818888068199158,60097,14.388909101486206,
rb,Airfoil,RB-L2,2,1,0.9534518122673035,59905,6.46666145324707,
rb,Energy,RB-L2,2,2,0.9950591921806335,60097,17.540392875671387,
rb,Yacht,RB-L3,3,4,0.9680410623550415,89665,21.155818939208984,
rb,Concrete,RB-L1,1,4,0.9082848429679871,30401,13.94409704208374,
rb,Energy,RB-L2,2,4,0.9962029457092285,60097,17.334031343460083,
rb,Airfoil,RB-L3,3,2,0.9339581727981567,89601,6.136974573135376,
rb,Energy,RB-L2,2,0,0.9965372085571289,60097,20.591926336288452,
rb,Abalone,RB-L1,1,0,0.33374226093292236,30337,5.34654974937439,
rb,California,RB-L2,2,1,0.7669101357460022,60097,30.451277017593384,
rb,Abalone,RB-L1,1,3,0.3355256915092468,30337,5.396371364593506,
rb,Concrete,RB-L1,1,0,0.8815467953681946,30401,16.47223925590515,
rb,Abalone,RB-L1,1,4,0.3091511130332947,30337,5.405138969421387,
rb,California,RB-L2,2,4,0.7650801539421082,60097,29.705602884292603,
rb,Airfoil,RB-L3,3,0,0.9559481143951416,89601,8.264928579330444,
rb,Abalone,RB-L1,1,1,0.3480384349822998,30337,6.191681146621704,
rb,Concrete,RB-L1,1,1,0.8853968977928162,30401,16.411788940429688,
rb,Airfoil,RB-L3,3,4,0.9365418553352356,89601,7.209639072418213,
rb,Airfoil,RB-L3,3,1,0.9599627256393433,89601,8.27357006072998,
rb,California,RB-L2,2,3,0.7361572980880737,60097,31.349505186080933,
rb,Airfoil,RB-L3,3,3,0.9251760244369507,89601,8.667423248291016,
rb,Abalone,RB-L1,1,2,0.3315834403038025,30337,7.856436491012573,
rb,Concrete,RB-L2,2,4,0.9038211703300476,60097,16.951775074005127,
rb,Concrete,RB-L3,3,3,0.8860222101211548,89793,15.60996961593628,
rb,Energy,RB-L3,3,1,0.9937769174575806,89793,21.8454372882843,
rb,California,RB-L2,2,0,0.7426615953445435,60097,34.80185031890869,
rb,Concrete,RB-L3,3,0,0.8626016974449158,89793,19.900795459747314,
rb,Abalone,RB-L2,2,1,0.35324472188949585,60033,10.658642292022705,
rb,Concrete,RB-L3,3,1,0.8861994743347168,89793,19.988942861557007,
rb,Abalone,RB-L2,2,4,0.3215036392211914,60033,10.741685628890991,
rb,Energy,RB-L3,3,4,0.9967687726020813,89793,24.2762610912323,
rb,Concrete,RB-L3,3,4,0.8763698935508728,89793,18.761258602142334,
rb,Concrete,RB-L3,3,2,0.8956136107444763,89793,19.40632963180542,
rb,Abalone,RB-L2,2,3,0.32861703634262085,60033,11.75562572479248,
rb,Abalone,RB-L2,2,0,0.32974326610565186,60033,12.660573244094849,
rb,California,RB-L3,3,2,0.774409294128418,89793,38.35382390022278,
rb,Abalone,RB-L2,2,2,0.33127111196517944,60033,12.73734188079834,
rb,Abalone,RB-L3,3,0,0.32810282707214355,89729,13.403448820114136,
rb,Abalone,RB-L3,3,3,0.32844072580337524,89729,12.869544982910156,
rb,Abalone,RB-L3,3,4,0.3048011064529419,89729,12.762869834899902,
rb,California,RB-L3,3,0,0.7253564596176147,89793,40.95766997337341,
rb,Abalone,RB-L3,3,1,0.33630746603012085,89729,15.019835472106934,
rb,Abalone,RB-L3,3,2,0.3233757019042969,89729,15.2392418384552,
rb,Kin8nm,RB-L1,1,0,0.9089106321334839,30401,14.801913499832153,
rb,Kin8nm,RB-L1,1,2,0.9125077724456787,30401,15.256633758544922,
rb,Kin8nm,RB-L1,1,1,0.9161194562911987,30401,15.580541133880615,
rb,California,RB-L3,3,3,0.6880407333374023,89793,43.24158835411072,
rb,Energy,RB-L3,3,0,0.9942762851715088,89793,28.149272203445435,
rb,California,RB-L3,3,4,0.7313411831855774,89793,43.74011826515198,
rb,Energy,RB-L3,3,2,0.9964989423751831,89793,32.752766847610474,
rb,Kin8nm,RB-L1,1,4,0.9196019768714905,30401,17.944010257720947,
rb,Airfoil,RB-L2,2,4,0.9525821208953857,59905,18.52298617362976,
rb,Kin8nm,RB-L1,1,3,0.9187692999839783,30401,20.753831148147583,
rb,Energy,RB-L3,3,3,0.9948062300682068,89793,34.129695415496826,
rb,Protein,RB-L1,1,2,0.43388330936431885,30465,22.45897626876831,
rb,Protein,RB-L1,1,1,0.45265108346939087,30465,22.76572823524475,
rb,Protein,RB-L1,1,0,0.449762225151062,30465,23.44377088546753,
rb,Protein,RB-L1,1,3,0.47258126735687256,30465,24.12819194793701,
rb,Kin8nm,RB-L2,2,3,0.9004191160202026,60097,25.963901042938232,
rb,Protein,RB-L1,1,4,0.4500788450241089,30465,24.706607580184937,
rb,Kin8nm,RB-L2,2,1,0.8969188928604126,60097,28.18509268760681,
rb,Kin8nm,RB-L2,2,2,0.8953169584274292,60097,29.1918466091156,
rb,California,RB-L3,3,1,0.7339096069335938,89793,54.09986758232117,
rb,Kin8nm,RB-L2,2,4,0.9039530158042908,60097,31.93526339530945,
rb,Protein,RB-L2,2,1,0.4723457098007202,60161,33.32195019721985,
rb,Kin8nm,RB-L3,3,4,0.8700675964355469,89793,35.35067534446716,
rb,Kin8nm,RB-L2,2,0,0.9067769050598145,60097,37.22046208381653,
rb,Protein,RB-L2,2,3,0.46884047985076904,60161,33.977579832077026,
rb,Kin8nm,RB-L3,3,1,0.8712929487228394,89793,37.91145944595337,
rb,Protein,RB-L2,2,2,0.4686933755874634,60161,35.34622406959534,
rb,Kin8nm,RB-L3,3,3,0.8850060701370239,89793,39.03550720214844,
rb,Protein,RB-L2,2,0,0.4866452217102051,60161,37.41495418548584,
rb,Protein,RB-L3,3,1,0.44209015369415283,89857,39.40238070487976,
rb,Protein,RB-L3,3,2,0.44065093994140625,89857,39.61623668670654,
rb,Kin8nm,RB-L3,3,0,0.8898762464523315,89793,46.98713159561157,
rb,Protein,RB-L2,2,4,0.42837029695510864,60161,44.15547013282776,
rb,Kin8nm,RB-L3,3,2,0.8709161877632141,89793,49.314215660095215,
rb,Protein,RB-L3,3,0,0.48956483602523804,89857,45.89439797401428,
rb,Protein,RB-L3,3,3,0.4966786503791809,89857,44.412086725234985,
rb,Protein,RB-L3,3,4,0.4440256357192993,89857,49.33248805999756,
ftt,California,FTT-nb1,1,0,0.7038075923919678,34753,8.266385793685913,
ftt,California,FTT-nb1,1,3,0.7263349294662476,34753,4.974294662475586,
ftt,California,FTT-nb1,1,4,0.7498480677604675,34753,5.177385091781616,
ftt,California,FTT-nb1,1,1,0.7585436701774597,34753,15.687721490859985,
ftt,Yacht,FTT-nb1,1,1,0.33274948596954346,34497,1.8852124214172363,
ftt,California,FTT-nb1,1,2,0.7689797878265381,34753,16.085811376571655,
ftt,Yacht,FTT-nb1,1,4,0.5520289540290833,34497,2.0090863704681396,
ftt,California,FTT-nb3,3,2,0.7786021828651428,101697,6.473302125930786,
ftt,Yacht,FTT-nb2,2,2,0.49125492572784424,67969,2.500880479812622,
ftt,Yacht,FTT-nb2,2,4,0.5487591624259949,67969,2.7145164012908936,
ftt,Yacht,FTT-nb3,3,2,0.4859549403190613,101441,2.781297206878662,
ftt,Yacht,FTT-nb3,3,3,0.4580005407333374,101441,3.116441249847412,
ftt,Yacht,FTT-nb3,3,4,0.5441393852233887,101441,3.0899574756622314,
ftt,California,FTT-nb2,2,4,0.777318000793457,68225,9.531747341156006,
ftt,Yacht,FTT-nb1,1,0,0.42367321252822876,34497,7.935717821121216,
ftt,Yacht,FTT-nb1,1,3,0.46176981925964355,34497,7.054615259170532,
ftt,California,FTT-nb2,2,3,0.7563146352767944,68225,12.36606216430664,
ftt,Yacht,FTT-nb2,2,0,0.42234039306640625,67969,8.225447416305542,
ftt,California,FTT-nb2,2,1,0.7804198265075684,68225,13.774662017822266,
ftt,Yacht,FTT-nb2,2,1,0.3248775005340576,67969,7.984140872955322,
ftt,Energy,FTT-nb1,1,0,0.9529412984848022,34753,4.531607389450073,
ftt,Energy,FTT-nb1,1,3,0.918732225894928,34753,2.888333797454834,
ftt,Yacht,FTT-nb2,2,3,0.4626324772834778,67969,7.575114011764526,
ftt,California,FTT-nb3,3,3,0.7560124397277832,101697,12.240139722824097,
ftt,California,FTT-nb2,2,0,0.7603889107704163,68225,14.311448812484741,
ftt,Yacht,FTT-nb1,1,2,0.4945133328437805,34497,10.642403364181519,
ftt,Energy,FTT-nb1,1,1,0.9379374384880066,34753,4.1950907707214355,
ftt,Energy,FTT-nb1,1,2,0.9398142099380493,34753,4.15803074836731,
ftt,California,FTT-nb2,2,2,0.7906590104103088,68225,14.662150382995605,
ftt,Energy,FTT-nb1,1,4,0.9425620436668396,34753,5.240983486175537,
ftt,Energy,FTT-nb2,2,0,0.9925431609153748,68225,5.943464517593384,
ftt,Energy,FTT-nb2,2,1,0.9915862679481506,68225,4.711946964263916,
ftt,Yacht,FTT-nb3,3,0,0.4212818145751953,101441,10.019460439682007,
ftt,California,FTT-nb3,3,4,0.7700876593589783,101697,16.721364498138428,
ftt,California,FTT-nb3,3,0,0.7568256855010986,101697,15.959840774536133,
ftt,Concrete,FTT-nb1,1,1,0.6097003817558289,34753,4.54290509223938,
ftt,Concrete,FTT-nb1,1,0,0.7010092735290527,34753,4.787705183029175,
ftt,Energy,FTT-nb2,2,2,0.9926547408103943,68225,5.867079019546509,
ftt,Energy,FTT-nb2,2,4,0.9943182468414307,68225,5.625942945480347,
ftt,Concrete,FTT-nb1,1,2,0.6310211420059204,34753,4.9831671714782715,
ftt,Energy,FTT-nb2,2,3,0.9915840029716492,68225,5.8965232372283936,
ftt,Energy,FTT-nb3,3,3,0.991115927696228,101697,6.081318140029907,
ftt,Energy,FTT-nb3,3,2,0.9922611713409424,101697,6.506396293640137,
ftt,California,FTT-nb3,3,1,0.7925253510475159,101697,18.478458881378174,
ftt,Energy,FTT-nb3,3,1,0.991798996925354,101697,6.996340751647949,
ftt,Energy,FTT-nb3,3,0,0.9928795099258423,101697,7.029521226882935,
ftt,Yacht,FTT-nb3,3,1,0.3168792128562927,101441,9.622976303100586,
ftt,Concrete,FTT-nb1,1,4,0.6211363077163696,34753,4.973910570144653,
ftt,Energy,FTT-nb3,3,4,0.9931976795196533,101697,7.529257774353027,
ftt,Concrete,FTT-nb1,1,3,0.6821995973587036,34753,6.181284666061401,
ftt,Concrete,FTT-nb2,2,1,0.6264269351959229,68225,5.125991582870483,
ftt,Concrete,FTT-nb2,2,0,0.7067970633506775,68225,6.1173131465911865,
ftt,Concrete,FTT-nb2,2,4,0.6337205171585083,68225,5.987390756607056,
ftt,Airfoil,FTT-nb1,1,2,-73.87628173828125,34369,6.046313762664795,
ftt,Airfoil,FTT-nb1,1,1,-77.12933349609375,34369,6.166268825531006,
ftt,Abalone,FTT-nb1,1,0,0.3122796416282654,34625,4.282023191452026,
ftt,Concrete,FTT-nb2,2,2,0.6436401605606079,68225,7.97309947013855,
ftt,Concrete,FTT-nb3,3,4,0.6212106943130493,101697,7.2258360385894775,
ftt,Concrete,FTT-nb3,3,1,0.6178935766220093,101697,7.8326990604400635,
ftt,Abalone,FTT-nb1,1,3,0.31988030672073364,34625,4.814902067184448,
ftt,Airfoil,FTT-nb2,2,1,-78.59469604492188,67841,6.911836624145508,
ftt,Concrete,FTT-nb3,3,2,0.634787917137146,101697,8.446964740753174,
ftt,Airfoil,FTT-nb2,2,0,-71.01970672607422,67841,7.311064958572388,
ftt,Abalone,FTT-nb2,2,1,0.346663236618042,68097,4.862326383590698,
ftt,Concrete,FTT-nb3,3,3,0.6953367590904236,101697,8.197710037231445,
ftt,Concrete,FTT-nb3,3,0,0.6922475099563599,101697,8.855642080307007,
ftt,Airfoil,FTT-nb2,2,4,-74.59024047851562,67841,7.297811031341553,
ftt,Airfoil,FTT-nb2,2,2,-75.78633880615234,67841,8.142072916030884,
ftt,Airfoil,FTT-nb2,2,3,-70.04499053955078,67841,8.012872219085693,
ftt,Abalone,FTT-nb3,3,4,0.2786504030227661,101569,4.429027557373047,
ftt,Airfoil,FTT-nb1,1,3,-68.02603149414062,34369,9.542092323303223,
ftt,Airfoil,FTT-nb3,3,0,-73.17376708984375,101313,10.277297496795654,
ftt,Airfoil,FTT-nb3,3,2,-76.93959045410156,101313,10.421775579452515,
ftt,Abalone,FTT-nb2,2,3,0.31148761510849,68097,8.69780707359314,
ftt,Abalone,FTT-nb1,1,1,0.3506612181663513,34625,8.897565364837646,
ftt,Kin8nm,FTT-nb1,1,4,0.8747327923774719,34753,7.513368606567383,
ftt,Protein,FTT-nb1,1,4,0.35493606328964233,34881,4.920377969741821,
ftt,Kin8nm,FTT-nb1,1,3,0.8810687065124512,34753,7.630955219268799,
ftt,Airfoil,FTT-nb1,1,0,-69.22113800048828,34369,11.917414665222168,
ftt,Kin8nm,FTT-nb1,1,2,0.8866735100746155,34753,8.39076566696167,
ftt,Protein,FTT-nb1,1,2,0.3770648241043091,34881,6.144258975982666,
ftt,Abalone,FTT-nb1,1,4,0.2936623692512512,34625,10.09981107711792,
ftt,Kin8nm,FTT-nb1,1,1,0.8852459788322449,34753,9.167876482009888,
ftt,Abalone,FTT-nb1,1,2,0.3098433017730713,34625,10.617475032806396,
ftt,Airfoil,FTT-nb1,1,4,-73.17530059814453,34369,12.345142841339111,
ftt,Protein,FTT-nb2,2,2,0.39288121461868286,68353,6.4272215366363525,
ftt,Abalone,FTT-nb2,2,0,0.31158190965652466,68097,11.024332284927368,
ftt,Protein,FTT-nb1,1,0,0.3821280002593994,34881,9.02778673171997,
ftt,Kin8nm,FTT-nb2,2,3,0.9042980074882507,68225,9.91521668434143,
ftt,Abalone,FTT-nb2,2,4,0.2823142409324646,68097,10.641480684280396,
ftt,Concrete,FTT-nb2,2,3,0.7069659233093262,68225,15.489290952682495,
ftt,Kin8nm,FTT-nb2,2,1,0.9067440032958984,68225,10.629230260848999,
ftt,Kin8nm,FTT-nb2,2,2,0.8989540934562683,68225,11.280287265777588,
ftt,Airfoil,FTT-nb3,3,3,-71.83638763427734,101313,14.941136121749878,
ftt,Kin8nm,FTT-nb3,3,4,0.9073344469070435,101697,11.117433547973633,
ftt,Abalone,FTT-nb3,3,2,0.3011540174484253,101569,13.256587982177734,
ftt,Protein,FTT-nb3,3,1,0.3915538191795349,101825,8.244349241256714,
ftt,Airfoil,FTT-nb3,3,4,-75.59767150878906,101313,15.59083080291748,
ftt,Kin8nm,FTT-nb3,3,2,0.9021487236022949,101697,12.31737470626831,
ftt,Kin8nm,FTT-nb3,3,1,0.90455162525177,101697,12.359463691711426,
ftt,Abalone,FTT-nb2,2,2,0.2998446226119995,68097,14.252816915512085,
ftt,Kin8nm,FTT-nb1,1,0,0.8655205965042114,34753,12.911682605743408,
ftt,Airfoil,FTT-nb3,3,1,-79.70687103271484,101313,16.65020227432251,
ftt,Protein,FTT-nb3,3,0,0.455647349357605,101825,10.152618408203125,
ftt,Protein,FTT-nb1,1,1,0.38922119140625,34881,13.824148893356323,
ftt,Protein,FTT-nb2,2,1,0.39404910802841187,68353,12.62204647064209,
ftt,Abalone,FTT-nb3,3,0,0.3105263113975525,101569,16.050910234451294,
ftt,Protein,FTT-nb3,3,3,0.44967418909072876,101825,12.146620988845825,
ftt,Kin8nm,FTT-nb3,3,3,0.9215548038482666,101697,17.74567985534668,
ftt,Protein,FTT-nb3,3,4,0.40943801403045654,101825,13.665066480636597,
ftt,Abalone,FTT-nb3,3,3,0.3317803740501404,101569,19.399477243423462,
ftt,Kin8nm,FTT-nb2,2,4,0.9018804430961609,68225,16.804138660430908,
ftt,Abalone,FTT-nb3,3,1,0.3492579460144043,101569,21.114786624908447,
ftt,Protein,FTT-nb3,3,2,0.410797119140625,101825,14.136561632156372,
ftt,Kin8nm,FTT-nb2,2,0,0.902475118637085,68225,19.494956016540527,
ftt,Protein,FTT-nb2,2,0,0.4383724331855774,68353,18.310296773910522,
ftt,Kin8nm,FTT-nb3,3,0,0.909837007522583,101697,21.391151189804077,
ftt,Protein,FTT-nb1,1,3,0.35090941190719604,34881,19.53194761276245,
ftt,Protein,FTT-nb2,2,4,0.416695237159729,68353,19.377898693084717,
ftt,Protein,FTT-nb2,2,3,0.46233612298965454,68353,24.40756368637085,
