dataset,model,P,seed_idx,r2,wall_s,error,params
Friedman-P20,OLS,20.0,1,0.737472414970398,0.1508779525756836,,
Friedman-P50,OLS,50.0,1,0.689003586769104,0.0164940357208251,,
Friedman-P50,OLS,50.0,2,0.6895751953125,0.0152509212493896,,
Friedman-P50,OLS,50.0,3,0.6823853850364685,0.0152688026428222,,
Friedman-P50,OLS,50.0,4,0.7217053174972534,0.0144414901733398,,
Friedman-P20,OLS,20.0,0,0.7361080646514893,0.1612608432769775,,
Friedman-P20,OLS,20.0,2,0.7275924682617188,0.1492626667022705,,
Bank32nh,OLS,32.0,0,0.5443594455718994,0.0244154930114746,,
Bank32nh,OLS,32.0,1,0.4929053783416748,0.0148572921752929,,
Bank32nh,OLS,32.0,2,0.5336865186691284,0.01753830909729,,
Bank32nh,OLS,32.0,3,0.5260695219039917,0.0178008079528808,,
Bank32nh,OLS,32.0,4,0.5330608487129211,0.0180802345275878,,
Friedman-P20,OLS,20.0,3,0.7020961046218872,0.146679401397705,,
Ailerons,OLS,40.0,2,-123347.421875,0.0224952697753906,,
Ailerons,OLS,40.0,3,0.8185796737670898,0.0142426490783691,,
Ailerons,OLS,40.0,4,0.8334753513336182,0.0156178474426269,,
Friedman-P20,OLS,20.0,4,0.7183321714401245,0.1424348354339599,,
CPU_act,RF,21.0,2,0.9811282031528712,1.1464407444000244,,
Friedman-P50,RF,50.0,0,0.8294158835902883,1.35180401802063,,
Bank32nh,RF,32.0,0,0.5313887337706207,1.2077410221099854,,
Ailerons,RF,40.0,0,0.8127934313162023,1.1097488403320312,,
Pol,RF,48.0,1,0.9742556872933744,1.009171724319458,,
Superconductivity,OLS,81.0,1,0.7211741209030151,0.0250499248504638,,
Superconductivity,OLS,81.0,3,0.6780623197555542,0.0203042030334472,,
Friedman-P20,RF,20.0,2,0.8678733959335665,1.240619421005249,,
Friedman-P20,RF,20.0,1,0.87057127304864,1.1829323768615725,,
Friedman-P20,RF,20.0,0,0.869677157557598,1.2991738319396973,,
Friedman-P50,OLS,50.0,0,0.6932635307312012,0.1701695919036865,,
Pol,RF,48.0,4,0.975226945435421,0.8902904987335205,,
Friedman-P50,RF,50.0,1,0.8333941103516439,1.198979139328003,,
Ailerons,RF,40.0,1,0.8347489051251862,0.9211297035217284,,
Bank32nh,RF,32.0,1,0.4810459401624021,1.037520408630371,,
Friedman-P20,RF,20.0,3,0.8636068074541832,1.2508902549743652,,
Friedman-P20,RF,20.0,4,0.8666314285599162,1.175188064575195,,
Superconductivity,RF,81.0,0,0.8912523765987996,1.6252641677856443,,
CPU_act,RF,21.0,0,0.977905228365907,1.1197562217712402,,
Ailerons,RF,40.0,2,0.829263986017717,0.9094057083129884,,
Superconductivity,RF,81.0,2,0.8802554713461682,1.5765676498413086,,
CPU_act,RF,21.0,1,0.9798608315562618,1.157442331314087,,
Bank32nh,RF,32.0,2,0.4864774963532475,1.03314208984375,,
Friedman-P50,RF,50.0,2,0.8427817534000518,1.174149990081787,,
Superconductivity,RF,81.0,4,0.8883822931877382,1.5991578102111816,,
Superconductivity,OLS,81.0,4,0.7402858138084412,0.1046981811523437,,
Pol,RF,48.0,0,0.9754114755112588,1.117326259613037,,
Superconductivity,RF,81.0,1,0.8713838731870702,2.204655647277832,,
CPU_act,RF,21.0,4,0.9714224435863916,1.2271971702575684,,
Ailerons,RF,40.0,3,0.8258944960861591,0.8745038509368896,,
CPU_act,RF,21.0,3,0.9783085536441016,1.3243975639343262,,
Bank32nh,RF,32.0,3,0.4935024719892169,1.015636920928955,,
Pol,RF,48.0,3,0.9749250370438466,1.1352155208587646,,
Friedman-P50,RF,50.0,3,0.846386064494582,1.18505597114563,,
Ailerons,RF,40.0,4,0.8331631314305433,0.8690190315246582,,
Pol,OLS,48.0,0,0.4937023520469665,0.0125141143798828,,
Pol,OLS,48.0,1,0.4819225072860718,0.0109918117523193,,
Pol,OLS,48.0,2,0.5028224587440491,0.0115942955017089,,
Pol,OLS,48.0,3,0.472153902053833,0.011972427368164,,
Pol,OLS,48.0,4,0.4888415336608886,0.0119118690490722,,
Superconductivity,OLS,81.0,2,0.712460994720459,0.1314876079559326,,
Bank32nh,RF,32.0,4,0.5238680720545075,1.0094013214111328,,
Ailerons,OLS,40.0,0,0.80970299243927,0.0120587348937988,,
Ailerons,OLS,40.0,1,0.8308215141296387,0.0118002891540527,,
Pol,RF,48.0,2,0.9843868919841215,1.4635872840881348,,
Friedman-P50,RF,50.0,4,0.8408256185555321,1.181760311126709,,
CPU_act,OLS,21.0,0,0.7086319923400879,0.0221614837646484,,
CPU_act,OLS,21.0,1,0.7495065927505493,0.0127234458923339,,
CPU_act,OLS,21.0,2,0.7008352279663086,0.0084321498870849,,
CPU_act,OLS,21.0,3,0.7238240242004395,0.009117841720581,,
CPU_act,OLS,21.0,4,0.6588417291641235,0.0091643333435058,,
Superconductivity,RF,81.0,3,0.85736238976055,1.8720355033874512,,
Superconductivity,OLS,81.0,0,0.7455586791038513,0.2144052982330322,,
Friedman-P20,FTT,20.0,0,0.955492377281189,10.577436208724976,,103233.0
Friedman-P20,FTT,20.0,2,0.9533601403236388,10.10962414741516,,103233.0
Friedman-P20,FTT,20.0,1,0.9547085165977478,11.084706783294678,,103233.0
Friedman-P20,FTT,20.0,3,0.9470834136009216,10.341506719589232,,103233.0
Friedman-P20,FTT,20.0,4,0.950920581817627,10.951574802398682,,103233.0
CPU_act,FTT,21.0,1,0.9793669581413268,7.917351961135864,,103361.0
Ailerons,FTT,40.0,0,0.8436321020126343,5.8258655071258545,,105793.0
Bank32nh,FTT,32.0,0,0.5406347513198853,7.609201192855835,,104769.0
Friedman-P50,FTT,50.0,2,0.948398232460022,13.92666220664978,,107073.0
Bank32nh,FTT,32.0,1,0.525501012802124,8.614238500595093,,104769.0
Friedman-P50,FTT,50.0,1,0.947202742099762,15.88278865814209,,107073.0
Ailerons,FTT,40.0,3,0.8285616040229797,7.476220607757568,,105793.0
Friedman-P50,FTT,50.0,0,0.9435386061668396,16.480164289474487,,107073.0
Bank32nh,FTT,32.0,4,0.5459328889846802,8.265318155288696,,104769.0
Bank32nh,FTT,32.0,2,0.5218197107315063,9.391338348388672,,104769.0
Friedman-P50,FTT,50.0,4,0.9495044350624084,15.992182970046995,,107073.0
Bank32nh,FTT,32.0,3,0.5389578342437744,9.947296142578123,,104769.0
Friedman-P50,FTT,50.0,3,0.9420782327651978,16.452848196029663,,107073.0
Ailerons,FTT,40.0,2,0.8539355993270874,8.228090047836304,,105793.0
CPU_act,FTT,21.0,3,0.9740976095199584,13.872633695602415,,103361.0
CPU_act,FTT,21.0,2,0.980288863182068,15.966549634933472,,103361.0
CPU_act,FTT,21.0,0,0.979157030582428,17.142229080200195,,103361.0
Ailerons,FTT,40.0,1,0.8513381481170654,11.015456676483154,,105793.0
CPU_act,FTT,21.0,4,0.9744964838027954,15.295120239257812,,103361.0
Ailerons,FTT,40.0,4,0.8402315974235535,14.350082874298096,,105793.0
Superconductivity,FTT,81.0,0,0.8338715434074402,10.0281081199646,,111041.0
Pol,FTT,48.0,1,0.9898606538772584,14.303211212158203,,106817.0
Pol,FTT,48.0,3,0.992404282093048,13.862676620483398,,106817.0
Pol,FTT,48.0,2,0.9944920539855956,16.432130575180054,,106817.0
Superconductivity,FTT,81.0,1,0.8106773495674133,16.883760690689087,,111041.0
Superconductivity,FTT,81.0,3,0.8019300103187561,17.358391761779785,,111041.0
Superconductivity,FTT,81.0,2,0.8517720103263855,18.572351455688477,,111041.0
Pol,FTT,48.0,0,0.9940584301948548,22.959682941436768,,106817.0
Pol,FTT,48.0,4,0.9925953149795532,23.73398208618164,,106817.0
Superconductivity,FTT,81.0,4,0.8587247729301453,24.40636110305786,,111041.0
Friedman-P20,RB,20.0,0,0.9182482957839966,54.6382200717926,,31169.0
Friedman-P20,RB,20.0,2,0.9035380482673644,54.3296058177948,,31169.0
Friedman-P20,RB,20.0,3,0.8988884091377258,54.58559012413025,,31169.0
Friedman-P20,RB,20.0,1,0.9079135060310364,56.82208776473999,,31169.0
Friedman-P20,RB,20.0,4,0.8975479006767273,59.18441104888916,,31169.0
CPU_act,RB,21.0,0,0.9738128781318665,66.4737823009491,,31233.0
CPU_act,RB,21.0,3,0.9716649651527404,66.77884721755981,,31233.0
CPU_act,RB,21.0,2,0.9703072905540466,65.60411596298218,,31233.0
CPU_act,RB,21.0,4,0.9738134741783142,67.76007604598999,,31233.0
CPU_act,RB,21.0,1,0.9755617380142212,73.03864240646362,,31233.0
Bank32nh,RB,32.0,0,0.5317955017089844,124.11831974983215,,31937.0
Bank32nh,RB,32.0,3,0.5272365808486938,126.32463502883913,,31937.0
Bank32nh,RB,32.0,4,0.5148317217826843,127.18249702453612,,31937.0
Bank32nh,RB,32.0,1,0.4406331777572632,134.17076539993286,,31937.0
Bank32nh,RB,32.0,2,0.5293395519256592,135.2123920917511,,31937.0
Ailerons,RB,40.0,2,0.8359071016311646,187.49379563331604,,32449.0
Ailerons,RB,40.0,1,0.8372207880020142,191.3959853649139,,32449.0
Ailerons,RB,40.0,4,0.8353503942489624,196.85040307044983,,32449.0
Ailerons,RB,40.0,3,0.8357824683189392,208.5342037677765,,32449.0
Ailerons,RB,40.0,0,0.8274943828582764,216.59243083000183,,32449.0
Friedman-P50,RB,50.0,3,0.8487180471420288,384.5854082107544,,33089.0
Friedman-P50,RB,50.0,2,0.8570947051048279,443.38262963294983,,33089.0
Friedman-P50,RB,50.0,4,0.8663525581359863,463.160787820816,,33089.0
Friedman-P50,RB,50.0,0,0.8657550811767578,471.58767914772034,,33089.0
Friedman-P50,RB,50.0,1,0.8789061307907104,595.0754034519196,,33089.0
Pol,RB,48.0,1,0.9888543486595154,610.4254770278931,,32961.0
Pol,RB,48.0,3,0.9903964400291444,673.1698994636536,,32961.0
Pol,RB,48.0,0,0.991186022758484,746.0715177059174,,32961.0
Pol,RB,48.0,2,0.9935541749000548,794.046115398407,,32961.0
Pol,RB,48.0,4,0.9899320006370544,1165.9274260997772,,32961.0
Superconductivity,RB,81.0,0,0.8690587878227234,4888.675656795502,,35073.0
Superconductivity,RB,81.0,1,0.8346658945083618,4610.541166305542,,35073.0
Superconductivity,RB,81.0,2,0.8348056077957153,4605.005290031433,,35073.0
Superconductivity,RB,81.0,3,,,FunctionTimeoutError: remote 5400s limit,
Superconductivity,RB,81.0,4,0.8440240621566772,2119.0015754699707,,35073.0
