kind,dataset,model,n_train_req,n_train_used,seed_idx,r2,wall_s,error
lcurve,California,FTT,500,500,0,0.6592309474945068,7.80976939201355,
lcurve,California,FTT,1000,1000,1,0.7007714509963989,1.3231761455535889,
lcurve,California,FTT,500,500,2,0.6611764430999756,8.661536693572998,
lcurve,California,FTT,1000,1000,2,0.7264298796653748,1.5518078804016113,
lcurve,California,FTT,500,500,1,0.704647421836853,10.613840579986572,
lcurve,California,FTT,500,500,4,0.7000579833984375,9.005467653274536,
lcurve,California,FTT,500,500,3,0.6791495680809021,9.625998973846436,
lcurve,California,FTT,1000,1000,3,0.7273026704788208,1.882922887802124,
lcurve,California,FTT,1000,1000,4,0.7343444228172302,2.842041492462158,
lcurve,California,FTT,2500,2500,0,0.7500482201576233,4.0586888790130615,
lcurve,California,FTT,2500,2500,1,0.7650147676467896,4.078582048416138,
lcurve,California,FTT,2500,2500,2,0.7503699064254761,4.5085670948028564,
lcurve,California,FTT,1000,1000,0,0.6894765496253967,15.042494058609009,
lcurve,California,FTT,2500,2500,3,0.7611812353134155,6.506293535232544,
lcurve,California,RB,500,500,4,0.7020059823989868,1.7084665298461914,
lcurve,California,RB,500,500,3,0.7172796726226807,3.186894416809082,
lcurve,California,FTT,5000,5000,0,0.7770944237709045,8.5677969455719,
lcurve,California,RB,500,500,2,0.6785241365432739,6.269640922546387,
lcurve,California,RB,500,500,1,0.6751898527145386,7.388084888458252,
lcurve,California,RB,500,500,0,0.7000776529312134,7.631515741348267,
lcurve,California,RB,2500,2500,0,0.7537873387336731,7.817812919616699,
lcurve,California,RB,1000,1000,3,0.7317723035812378,6.677287817001343,
lcurve,California,FTT,2500,2500,4,0.7733991146087646,13.763538599014282,
lcurve,California,RB,2500,2500,2,0.7620013952255249,8.420421600341797,
lcurve,California,FTT,5000,5000,2,0.7737451791763306,14.354995489120483,
lcurve,California,RB,1000,1000,2,0.7328383922576904,8.478334426879883,
lcurve,California,RB,1000,1000,1,0.7414186000823975,9.180320024490356,
lcurve,Kin8nm,FTT,500,500,0,0.24250036478042603,0.612114429473877,
lcurve,California,FTT,5000,5000,4,0.7791953086853027,16.654024362564087,
lcurve,California,RB,1000,1000,0,0.717297375202179,10.866787433624268,
lcurve,California,RB,1000,1000,4,0.7281398773193359,10.878634929656982,
lcurve,California,FTT,5000,5000,3,0.7845819592475891,17.71580410003662,
lcurve,California,FTT,5000,5000,1,0.7821309566497803,17.72050166130066,
lcurve,California,RB,2500,2500,1,0.7629730701446533,10.90381908416748,
lcurve,Kin8nm,FTT,500,500,2,0.6584920883178711,1.570216178894043,
lcurve,Kin8nm,FTT,500,500,1,0.6664865016937256,1.5442805290222168,
lcurve,Kin8nm,FTT,500,500,3,0.6556224226951599,2.0053794384002686,
lcurve,Kin8nm,FTT,500,500,4,0.7572382688522339,3.620039224624634,
lcurve,Kin8nm,FTT,1000,1000,0,0.8415954113006592,4.602173328399658,
lcurve,California,FTT,10000,10000,4,0.7926123142242432,23.194589614868164,
lcurve,Kin8nm,FTT,1000,1000,2,0.8450284004211426,5.182166576385498,
lcurve,California,RB,2500,2500,3,0.7469606995582581,15.148644208908081,
lcurve,Kin8nm,FTT,1000,1000,1,0.8215808272361755,5.8525636196136475,
lcurve,Kin8nm,FTT,2500,2500,0,0.8789451122283936,6.004910469055176,
lcurve,California,RB,5000,5000,1,0.7825087904930115,19.029479265213013,
lcurve,California,RB,2500,2500,4,0.7544196248054504,16.798755884170532,
lcurve,Kin8nm,FTT,1000,1000,4,0.845272958278656,7.711397886276245,
lcurve,Kin8nm,RB,500,500,1,0.7690480351448059,2.5082528591156006,
lcurve,Kin8nm,RB,500,500,0,0.754902720451355,3.059583902359009,
lcurve,California,FTT,10000,10000,2,0.7911009788513184,25.107868194580078,
lcurve,California,RB,5000,5000,2,0.776576042175293,18.567488431930542,
lcurve,Kin8nm,RB,500,500,3,0.7689409852027893,2.5858471393585205,
lcurve,California,RB,5000,5000,0,0.7783405780792236,20.02389645576477,
lcurve,California,RB,5000,5000,3,0.7802911996841431,18.991971492767334,
lcurve,California,RB,10000,10000,4,0.7904388308525085,17.72416925430298,
lcurve,Kin8nm,RB,1000,1000,1,0.8346443176269531,5.136023998260498,
lcurve,Kin8nm,RB,1000,1000,0,0.8631097078323364,5.348335266113281,
lcurve,Kin8nm,RB,1000,1000,3,0.8446710705757141,4.324224948883057,
lcurve,Kin8nm,RB,1000,1000,2,0.839754045009613,4.460955858230591,
lcurve,California,RB,5000,5000,4,0.7754845023155212,22.067502975463867,
lcurve,Kin8nm,RB,1000,1000,4,0.837861180305481,5.175672769546509,
lcurve,Kin8nm,FTT,1000,1000,3,0.843673825263977,11.904597282409668,
lcurve,California,RB,10000,10000,3,0.7860431671142578,22.208777904510498,
lcurve,Kin8nm,FTT,2500,2500,4,0.8997856974601746,14.636208772659302,
lcurve,California,RB,10000,10000,1,0.794941246509552,24.23049783706665,
lcurve,Kin8nm,RB,500,500,2,0.6889923810958862,8.202083826065063,
lcurve,Kin8nm,RB,2500,2500,0,0.8994622230529785,8.054327249526978,
lcurve,California,FTT,10000,10000,0,0.7942575812339783,33.766000509262085,
lcurve,Kin8nm,RB,2500,2500,2,0.8979011178016663,7.963472127914429,
lcurve,Kin8nm,FTT,-1,6553,0,0.9115503430366516,13.022072076797485,
lcurve,California,FTT,10000,10000,3,0.7969486713409424,33.48540735244751,
lcurve,Kin8nm,FTT,2500,2500,2,0.9003665447235107,15.625871181488037,
lcurve,California,FTT,10000,10000,1,0.8098173141479492,37.68133521080017,
lcurve,Kin8nm,FTT,2500,2500,1,0.8966744542121887,16.699291944503784,
lcurve,Kin8nm,RB,500,500,4,0.7457870841026306,9.139636754989624,
lcurve,Kin8nm,RB,2500,2500,1,0.908139705657959,10.373511791229248,
lcurve,Kin8nm,FTT,5000,5000,1,0.9189032316207886,16.25107455253601,
lcurve,Protein,FTT,500,500,1,0.2703027129173279,1.8534395694732666,
lcurve,California,RB,10000,10000,2,0.789014995098114,27.088780641555786,
lcurve,Kin8nm,RB,2500,2500,3,0.8951137661933899,9.488028526306152,
lcurve,Protein,FTT,500,500,3,0.17118054628372192,1.286146879196167,
lcurve,Protein,FTT,500,500,2,0.2788613438606262,2.0365960597991943,
lcurve,Protein,FTT,500,500,0,0.27744150161743164,2.9246973991394043,
lcurve,Kin8nm,FTT,2500,2500,3,0.8960968852043152,17.83548903465271,
lcurve,Protein,FTT,500,500,4,0.2173798680305481,2.0625479221343994,
lcurve,Kin8nm,RB,2500,2500,4,0.9044468402862549,10.237688541412354,
lcurve,Protein,FTT,1000,1000,0,0.3140348792076111,2.3921942710876465,
lcurve,Protein,FTT,1000,1000,2,0.30293065309524536,2.0616536140441895,
lcurve,Protein,FTT,1000,1000,1,0.28879833221435547,2.16593337059021,
lcurve,Kin8nm,FTT,5000,5000,0,0.9171260595321655,19.659716367721558,
lcurve,Protein,FTT,1000,1000,3,0.3270007371902466,2.8967905044555664,
lcurve,Kin8nm,FTT,-1,6553,2,0.9186528325080872,18.162671089172363,
lcurve,Kin8nm,FTT,10000,6553,0,0.9115503430366516,17.784938097000122,
lcurve,Protein,FTT,1000,1000,4,0.3228147625923157,3.303250551223755,
lcurve,Kin8nm,FTT,5000,5000,4,0.9025319218635559,19.94032859802246,
lcurve,Protein,FTT,2500,2500,1,0.3331226706504822,4.918058395385742,
lcurve,Protein,FTT,2500,2500,0,0.3885490894317627,5.673734426498413,
lcurve,Kin8nm,RB,5000,5000,4,0.9101049900054932,12.726052284240723,
lcurve,Kin8nm,FTT,5000,5000,2,0.9113546013832092,21.639843702316284,
lcurve,Protein,FTT,2500,2500,3,0.4046638011932373,5.636692523956299,
lcurve,Kin8nm,FTT,10000,6553,2,0.9186528325080872,22.38230276107788,
lcurve,Kin8nm,FTT,10000,6553,3,0.9168890118598938,23.27772068977356,
lcurve,Kin8nm,FTT,5000,5000,3,0.9093965291976929,21.9283607006073,
lcurve,California,RB,-1,16512,1,0.8064459562301636,32.89092707633972,
lcurve,Kin8nm,FTT,10000,6553,1,0.9250250458717346,24.884225368499756,
lcurve,Protein,FTT,2500,2500,4,0.3872098922729492,7.4535064697265625,
lcurve,California,FTT,-1,16512,1,0.811074435710907,44.65521812438965,
lcurve,Protein,RB,500,500,1,0.2916431427001953,1.6979103088378906,
lcurve,Protein,RB,500,500,3,0.35592907667160034,1.4099063873291016,
lcurve,Protein,RB,500,500,4,0.34338945150375366,1.3935558795928955,
lcurve,Kin8nm,RB,10000,6553,0,0.9265444278717041,15.723111867904663,
lcurve,Protein,RB,500,500,0,0.31444841623306274,2.4157185554504395,
lcurve,Protein,RB,500,500,2,0.32601654529571533,2.0645854473114014,
lcurve,California,FTT,-1,16512,0,0.79965740442276,46.15800499916077,
lcurve,Kin8nm,RB,5000,5000,3,0.9243543148040771,17.801187992095947,
lcurve,California,RB,-1,16512,4,0.7995108962059021,34.35692024230957,
lcurve,Kin8nm,RB,5000,5000,1,0.9199965596199036,18.268696069717407,
lcurve,Protein,FTT,2500,2500,2,0.41958290338516235,10.372647523880005,
lcurve,Kin8nm,RB,5000,5000,0,0.9242667555809021,18.66220474243164,
lcurve,Protein,RB,1000,1000,3,0.3703293800354004,2.121185541152954,
lcurve,Protein,FTT,5000,5000,3,0.44862544536590576,9.482909679412842,
lcurve,Protein,RB,1000,1000,0,0.36059796810150146,2.465456008911133,
lcurve,Protein,FTT,5000,5000,4,0.4371688961982727,9.327705383300781,
lcurve,Kin8nm,RB,5000,5000,2,0.9241393804550171,19.36312699317932,
lcurve,Protein,RB,1000,1000,1,0.32478582859039307,3.158686637878418,
lcurve,California,RB,-1,16512,0,0.8069398403167725,38.25222873687744,
lcurve,Kin8nm,RB,-1,6553,0,0.9265444278717041,16.0354425907135,
lcurve,Protein,RB,1000,1000,2,0.35166609287261963,3.337437629699707,
lcurve,Protein,RB,1000,1000,4,0.3769679665565491,3.4568541049957275,
lcurve,California,FTT,-1,16512,3,0.7997831106185913,51.283934354782104,
lcurve,Kin8nm,RB,10000,6553,1,0.928537130355835,20.1187846660614,
lcurve,Protein,RB,2500,2500,0,0.38690829277038574,5.344807863235474,
lcurve,California,RB,10000,10000,0,0.7978740334510803,42.85601806640625,
lcurve,Kin8nm,FTT,-1,6553,4,0.9218905568122864,31.85516357421875,
lcurve,Kin8nm,FTT,-1,6553,1,0.9250250458717346,30.416289806365967,
lcurve,Kin8nm,RB,-1,6553,1,0.928537130355835,20.300235986709595,
lcurve,Protein,FTT,5000,5000,0,0.4536019563674927,15.823723793029785,
lcurve,Protein,RB,2500,2500,1,0.4121708273887634,8.171176195144653,
lcurve,California,FTT,-1,16512,4,0.8121363520622253,53.79135251045227,
lcurve,Protein,FTT,5000,5000,1,0.447208046913147,17.11852478981018,
lcurve,Kin8nm,RB,10000,6553,4,0.9189946055412292,24.143888473510742,
lcurve,Kin8nm,FTT,10000,6553,4,0.9218905568122864,33.439743518829346,
lcurve,Kin8nm,RB,10000,6553,2,0.9304980039596558,24.706688165664673,
lcurve,Protein,RB,2500,2500,4,0.44473302364349365,9.66057276725769,
lcurve,Protein,RB,2500,2500,2,0.4053574800491333,10.459799528121948,
lcurve,Kin8nm,RB,-1,6553,3,0.9251222014427185,23.663524627685547,
lcurve,Kin8nm,FTT,-1,6553,3,0.9168890118598938,30.98320984840393,
lcurve,Kin8nm,RB,-1,6553,2,0.9304980039596558,24.447027444839478,
lcurve,Kin8nm,RB,10000,6553,3,0.9251222014427185,26.742735385894775,
lcurve,Protein,RB,2500,2500,3,0.43888068199157715,12.006737232208252,
lcurve,Protein,FTT,5000,5000,2,0.47837913036346436,20.66123914718628,
lcurve,Kin8nm,RB,-1,6553,4,0.9189946055412292,25.396461963653564,
lcurve,California,RB,-1,16512,3,0.8072696924209595,48.92347812652588,
lcurve,California,RB,-1,16512,2,0.8029003143310547,52.152257204055786,
lcurve,Protein,RB,5000,5000,2,0.4500216841697693,16.742438316345215,
lcurve,Protein,FTT,10000,10000,2,0.5232479572296143,25.743225574493408,
lcurve,Protein,RB,5000,5000,3,0.4837978482246399,18.654152631759644,
lcurve,Protein,RB,5000,5000,1,0.4646833539009094,22.962597608566284,
lcurve,Protein,FTT,10000,10000,0,0.5148583650588989,33.64838719367981,
lcurve,Protein,RB,5000,5000,0,0.48237913846969604,25.721407175064087,
lcurve,Protein,FTT,10000,10000,1,0.5186045169830322,34.24077248573303,
lcurve,Protein,RB,5000,5000,4,0.49620872735977173,29.12614345550537,
lcurve,Protein,RB,10000,10000,1,0.507055401802063,29.23199152946472,
lcurve,Protein,FTT,10000,10000,4,0.5339139699935913,36.53186774253845,
lcurve,California,FTT,-1,16512,2,0.8114742636680603,79.80672430992126,
lcurve,Protein,FTT,10000,10000,3,0.5582836866378784,42.08264207839966,
lcurve,Protein,RB,10000,10000,3,0.5427417159080505,43.15011167526245,
lcurve,Protein,RB,10000,10000,2,0.5336828231811523,45.97604513168335,
lcurve,Protein,RB,10000,10000,4,0.5312224626541138,47.565733671188354,
lcurve,Protein,RB,10000,10000,0,0.5481836199760437,49.36470818519592,
lcurve,Protein,RB,-1,36584,3,0.6051887273788452,83.768718957901,
lcurve,Protein,RB,-1,36584,1,0.594277024269104,90.32021069526672,
lcurve,Protein,FTT,-1,36584,4,0.6179906129837036,129.59716963768005,
lcurve,Protein,RB,-1,36584,0,0.6074414253234863,104.9406521320343,
lcurve,Protein,FTT,-1,36584,1,0.6304897665977478,152.73864650726318,
lcurve,Protein,RB,-1,36584,4,0.6136599779129028,145.58537983894348,
lcurve,Protein,RB,-1,36584,2,0.6204441785812378,154.49408388137817,
lcurve,Protein,FTT,-1,36584,0,0.6312990188598633,194.3868932723999,
lcurve,Protein,FTT,-1,36584,3,0.6493662595748901,198.89231705665588,
lcurve,Protein,FTT,-1,36584,2,0.6486192941665649,209.4655842781067,
