dataset,model,n_classes,seed_idx,acc,auc,wall_s,error
BreastCancer,TabICL,2,0,0.9736842105263158,0.996031746031746,8.79679560661316,
BreastCancer,TabICL,2,1,1.0,1.0,8.9179105758667,
BreastCancer,TabICL,2,2,0.9912280701754386,1.0,8.575978994369507,
BreastCancer,TabICL,2,4,0.9824561403508771,0.9993386243386243,8.264520168304443,
Diabetes,TabICL,2,0,0.7337662337662337,0.813888888888889,8.715879678726196,
Vehicle,TabICL,4,3,0.8764705882352941,0.9758184523809523,1.617548942565918,
Segment,TabICL,7,0,0.9805194805194806,0.9996447155538064,1.3024873733520508,
Segment,TabICL,7,3,0.9891774891774892,0.9996447155538064,1.2621712684631348,
Diabetes,TabICL,2,2,0.8441558441558441,0.897037037037037,8.751100540161133,
Segment,TabICL,7,2,0.9956709956709957,0.9998578862215226,1.542194128036499,
Diabetes,TabICL,2,3,0.7727272727272727,0.8637037037037036,8.575919389724731,
Phoneme,TabICL,2,1,0.911,0.9640527924074709,9.380556344985962,
Wine,TabICL,3,0,1.0,1.0,8.3397696018219,
Phoneme,TabICL,2,3,0.914,0.9750833932735058,9.533889770507812,
Phoneme,TabICL,2,2,0.929,0.9790056528812314,9.912557363510132,
Wine,TabICL,3,3,0.9722222222222222,1.0,7.310261011123657,
Diabetes,TabICL,2,1,0.7662337662337663,0.8466666666666666,13.517882585525513,
Wine,TabICL,3,1,1.0,1.0,8.851882934570312,
Phoneme,TabICL,2,4,0.904,0.9667030330531834,10.577277660369873,
Wine,TabICL,3,2,1.0,1.0,8.578279733657837,
Diabetes,TabICL,2,4,0.7857142857142857,0.842037037037037,12.339742422103882,
Vehicle,TabICL,4,0,0.8764705882352941,0.975108225108225,8.549063444137573,
BreastCancer,TabICL,2,3,0.956140350877193,0.9857804232804233,16.301146984100342,
Phoneme,TabICL,2,0,0.91,0.9737510318559891,12.73975133895874,
Vehicle,TabICL,4,2,0.9058823529411765,0.9823669169372294,8.177692651748657,
Vehicle,TabICL,4,1,0.8823529411764706,0.9765512265512265,10.677810668945312,
Vehicle,TabICL,4,4,0.9176470588235294,0.9841537585678211,10.319936752319336,
Segment,TabICL,7,4,0.9913419913419913,0.9999125453670908,10.048335790634155,
Wine,TabICL,3,4,1.0,1.0,12.292544603347778,
Segment,TabICL,7,1,0.9913419913419913,0.999912545367091,10.703676462173462,
