kind,dataset,seed_idx,r2,wall_s,error
tabpfn,California,3,0.8278762698173523,13.66297960281372,
tabpfn,Yacht,0,0.999028742313385,12.155095100402832,
tabpfn,Yacht,1,0.9988390207290649,12.51966643333435,
tabpfn,Airfoil,2,0.9739508628845215,0.8590683937072754,
tabpfn,California,2,0.8565866947174072,14.676837921142578,
tabpfn,Airfoil,3,0.9437777996063232,1.0479016304016113,
tabpfn,Airfoil,4,0.9720081090927124,1.009734869003296,
tabpfn,Energy,1,0.9981973171234131,11.42392873764038,
tabpfn,California,0,0.844158411026001,16.674161434173584,
tabpfn,Abalone,0,0.3444821238517761,2.149209499359131,
tabpfn,Abalone,1,0.3593181371688843,2.2157788276672363,
tabpfn,Yacht,3,0.9990991353988647,12.93880581855774,
tabpfn,Abalone,2,0.3302111029624939,2.182551145553589,
tabpfn,Abalone,3,0.3592681288719177,2.1509532928466797,
tabpfn,California,1,0.8583006262779236,17.945186853408813,
tabpfn,Energy,3,0.9987434148788452,11.626565933227539,
tabpfn,Energy,0,0.9983206987380981,12.972649097442627,
tabpfn,Abalone,4,0.32822293043136597,2.2652482986450195,
tabpfn,Kin8nm,1,0.9278377890586853,2.932767868041992,
tabpfn,Kin8nm,0,0.9267739653587341,3.125471591949463,
tabpfn,Yacht,4,0.9993306994438171,13.597150802612305,
tabpfn,Kin8nm,2,0.9298264384269714,2.8747377395629883,
tabpfn,Kin8nm,4,0.9284306764602661,2.9469001293182373,
tabpfn,Energy,2,0.9979072213172913,13.77279543876648,
tabpfn,Kin8nm,3,0.9293504953384399,3.2169055938720703,
tabpfn,Protein,0,0.6539410352706909,3.0537915229797363,
tabpfn,Protein,1,0.6102272868156433,3.1078083515167236,
tabpfn,Concrete,2,0.9521360993385315,11.972920417785645,
tabpfn,Protein,2,0.6334618330001831,3.2025136947631836,
tabpfn,Protein,3,0.6452781558036804,3.1406667232513428,
tabpfn,Protein,4,0.65526282787323,3.1232802867889404,
tabpfn,Concrete,0,0.9338470101356506,13.477674722671509,
tabpfn,California,4,0.8482068777084351,19.779101133346558,
tabpfn,Concrete,4,0.9604069590568542,13.134843349456787,
tabpfn,Concrete,3,0.960345447063446,13.925297737121582,
tabpfn,Airfoil,0,0.9804364442825317,12.681021928787231,
tabpfn,Yacht,2,0.9990658760070801,19.784448623657227,
tabpfn,Energy,4,0.9986681342124939,16.102574825286865,
tabpfn,Concrete,1,0.9498842358589172,16.33222484588623,
tabpfn,Airfoil,1,0.9832519292831421,21.577527046203613,
