kind,dataset,N,model,seed_idx,r2,wall_s,error
uncapped,California,20640.0,OLS,1,0.6133228540420532,0.0751500129699707,
uncapped,California,20640.0,OLS,0,0.5757877230644226,0.356461763381958,
uncapped,California,20640.0,OLS,4,0.6103527545928955,0.0174555778503417,
uncapped,California,20640.0,OLS,2,0.6031616926193237,0.054666519165039,
uncapped,California,20640.0,RF,0,0.8144964254458034,1.7006535530090332,
uncapped,California,20640.0,OLS,3,0.6022250652313232,0.0459070205688476,
uncapped,California,20640.0,RF,3,0.813580206747114,1.979143142700195,
uncapped,California,20640.0,RF,1,0.8194228895076461,2.7182812690734863,
uncapped,California,20640.0,RF,4,0.8180454580902666,1.8706834316253664,
uncapped,California,20640.0,RF,2,0.8176317013388616,3.152953624725342,
uncapped,California,20640.0,FTT,1,0.811074435710907,39.42239427566528,
uncapped,California,20640.0,RB,2,0.7988367080688477,42.850239753723145,
uncapped,California,20640.0,FTT,0,0.79965740442276,52.388449907302856,
uncapped,Kin8nm,8192.0,OLS,0,0.4083491563796997,0.0114948749542236,
uncapped,Kin8nm,8192.0,OLS,1,0.404229998588562,0.0104849338531494,
uncapped,Kin8nm,8192.0,OLS,2,0.4269000887870788,0.0083887577056884,
uncapped,Kin8nm,8192.0,OLS,3,0.4192218780517578,0.0081114768981933,
uncapped,Kin8nm,8192.0,OLS,4,0.3934793472290039,0.0075314044952392,
uncapped,California,20640.0,RB,1,0.8092091083526611,49.63755989074707,
uncapped,California,20640.0,RB,0,0.809960126876831,53.28544902801514,
uncapped,Protein,45730.0,OLS,0,0.2702878713607788,0.0243046283721923,
uncapped,Protein,45730.0,OLS,1,0.2666008472442627,0.0231697559356689,
uncapped,Kin8nm,8192.0,RF,0,0.6830337248915163,1.417433500289917,
uncapped,Protein,45730.0,OLS,2,0.2710583209991455,0.0240585803985595,
uncapped,Protein,45730.0,OLS,3,0.2944881319999695,0.0257723331451416,
uncapped,Protein,45730.0,OLS,4,0.2716279029846191,0.0239512920379638,
uncapped,Kin8nm,8192.0,RF,1,0.6884766673457967,1.396336555480957,
uncapped,California,20640.0,FTT,3,0.7997831106185913,58.496867179870605,
uncapped,Kin8nm,8192.0,RF,2,0.697555273421566,1.348460674285889,
uncapped,Kin8nm,8192.0,RF,3,0.6975321893513,1.8970801830291748,
uncapped,Protein,45730.0,RF,0,0.6767519842513017,5.341644525527954,
uncapped,Kin8nm,8192.0,RF,4,0.6867258408507015,1.5008206367492676,
uncapped,California,20640.0,FTT,4,0.8121363520622253,63.199753522872925,
uncapped,Protein,45730.0,RF,1,0.6754303447062721,5.416170358657837,
uncapped,Protein,45730.0,RF,2,0.6751061489999057,5.135565280914307,
uncapped,Protein,45730.0,RF,3,0.6913555469187258,5.63066291809082,
uncapped,Protein,45730.0,RF,4,0.67504164539047,5.76802659034729,
uncapped,Kin8nm,8192.0,FTT,0,0.9115503430366516,13.81517481803894,
uncapped,Kin8nm,8192.0,RB,4,0.9189360737800598,23.96208333969116,
uncapped,California,20640.0,RB,3,0.7953672409057617,46.354926109313965,
uncapped,California,20640.0,FTT,2,0.8114742636680603,91.64002799987792,
uncapped,California,20640.0,RB,4,0.809083104133606,55.38297700881958,
uncapped,Kin8nm,8192.0,FTT,1,0.9250250458717346,29.239429473876953,
uncapped,Kin8nm,8192.0,FTT,2,0.9186528325080872,20.1009840965271,
uncapped,Kin8nm,8192.0,FTT,3,0.9168890118598938,23.70350170135498,
uncapped,Kin8nm,8192.0,FTT,4,0.9218905568122864,35.43934607505798,
uncapped,Protein,45730.0,FTT,4,0.6179906129837036,106.7509105205536,
uncapped,Kin8nm,8192.0,RB,0,0.9301161170005798,25.04359245300293,
uncapped,Protein,45730.0,FTT,0,0.6312990188598633,157.7456760406494,
uncapped,Protein,45730.0,FTT,1,0.6304897665977478,166.8643159866333,
uncapped,Kin8nm,8192.0,RB,1,0.93024480342865,26.483631372451782,
uncapped,Protein,45730.0,FTT,3,0.6493662595748901,167.38993453979492,
uncapped,Kin8nm,8192.0,RB,2,0.9282623529434204,16.53067135810852,
uncapped,Kin8nm,8192.0,RB,3,0.924697995185852,19.011548280715942,
uncapped,Protein,45730.0,FTT,2,0.6486192941665649,209.4986193180084,
uncapped,Protein,45730.0,RB,2,0.6035306453704834,109.85206747055054,
uncapped,Protein,45730.0,RB,4,0.6179038286209106,115.13318467140198,
uncapped,Protein,45730.0,RB,1,0.6103235483169556,172.46796131134033,
uncapped,Protein,45730.0,RB,3,0.6332458257675171,169.76524424552917,
uncapped,Protein,45730.0,RB,0,0.6231119632720947,204.80515837669373,
