dataset,variant,n_mix,n_ffn,ncomp,seed_idx,r2,params,version,wall_s,error
California,mix1_ffn1_pca25,1,1,25,0,0.7554793357849121,19201,v5-pcasweep,16.644768476486206,
California,mix1_ffn1_pca25,1,1,25,1,0.7610889673233032,19201,v5-pcasweep,17.217193126678467,
California,mix1_ffn1_pca25,1,1,25,2,0.7847548723220825,19201,v5-pcasweep,20.60862922668457,
California,mix1_ffn1_pca25,1,1,25,3,0.7300985455513,19201,v5-pcasweep,18.84779143333435,
California,mix1_ffn1_pca25,1,1,25,4,0.7676551938056946,19201,v5-pcasweep,13.98967456817627,
California,mix1_ffn1_pca50,1,1,50,0,0.7602826356887817,20801,v5-pcasweep,14.832231998443604,
California,mix1_ffn1_pca50,1,1,50,1,0.7879506945610046,20801,v5-pcasweep,20.372950553894043,
California,mix1_ffn1_pca50,1,1,50,2,0.7892669439315796,20801,v5-pcasweep,17.59604811668396,
California,mix1_ffn1_pca50,1,1,50,3,0.7475303411483765,20801,v5-pcasweep,16.581600427627563,
California,mix1_ffn1_pca50,1,1,50,4,0.7765380144119263,20801,v5-pcasweep,13.067226648330688,
California,mix1_ffn1_pca100,1,1,100,0,0.7655332684516907,24001,v5-pcasweep,19.179088354110718,
California,mix1_ffn1_pca100,1,1,100,1,0.7854921817779541,24001,v5-pcasweep,20.165544509887695,
California,mix1_ffn1_pca100,1,1,100,2,0.7814719676971436,24001,v5-pcasweep,21.06883144378662,
California,mix1_ffn1_pca100,1,1,100,3,0.7338908910751343,24001,v5-pcasweep,17.760570526123047,
California,mix1_ffn1_pca100,1,1,100,4,0.772248387336731,24001,v5-pcasweep,13.922534942626953,
California,mix1_ffn1_pca200,1,1,200,0,0.7560579776763916,30401,v5-pcasweep,24.901925563812256,
California,mix1_ffn1_pca200,1,1,200,1,0.767655074596405,30401,v5-pcasweep,16.03207755088806,
California,mix1_ffn1_pca200,1,1,200,2,0.7844065427780151,30401,v5-pcasweep,20.25334930419922,
California,mix1_ffn1_pca200,1,1,200,3,0.7481601238250732,30401,v5-pcasweep,21.05173635482788,
California,mix1_ffn1_pca200,1,1,200,4,0.7746881246566772,30401,v5-pcasweep,19.81701922416687,
California,mix2_ffn0_pca25,2,0,25,0,0.7451512813568115,4289,v5-pcasweep,26.68052864074707,
California,mix2_ffn0_pca25,2,0,25,1,0.758609414100647,4289,v5-pcasweep,34.10897493362427,
California,mix2_ffn0_pca25,2,0,25,2,0.7731080055236816,4289,v5-pcasweep,27.444127082824707,
California,mix2_ffn0_pca25,2,0,25,3,0.716154932975769,4289,v5-pcasweep,34.049375772476196,
California,mix2_ffn0_pca25,2,0,25,4,0.7629374265670776,4289,v5-pcasweep,28.36033272743225,
California,mix2_ffn0_pca50,2,0,50,0,0.7524522542953491,7489,v5-pcasweep,18.65578055381775,
California,mix2_ffn0_pca50,2,0,50,1,0.76911860704422,7489,v5-pcasweep,25.75732421875,
California,mix2_ffn0_pca50,2,0,50,2,0.7791174650192261,7489,v5-pcasweep,26.559850215911865,
California,mix2_ffn0_pca50,2,0,50,3,0.7310519814491272,7489,v5-pcasweep,27.139681577682495,
California,mix2_ffn0_pca50,2,0,50,4,0.762668788433075,7489,v5-pcasweep,17.71880006790161,
California,mix2_ffn0_pca100,2,0,100,0,0.7485940456390381,13889,v5-pcasweep,26.247164011001587,
California,mix2_ffn0_pca100,2,0,100,1,0.7700924873352051,13889,v5-pcasweep,17.42042875289917,
California,mix2_ffn0_pca100,2,0,100,2,0.7728940844535828,13889,v5-pcasweep,26.764849185943604,
California,mix2_ffn0_pca100,2,0,100,3,0.731374204158783,13889,v5-pcasweep,26.628551721572876,
California,mix2_ffn0_pca100,2,0,100,4,0.766558051109314,13889,v5-pcasweep,23.539962768554688,
California,mix2_ffn0_pca200,2,0,200,0,0.7521084547042847,26689,v5-pcasweep,22.44680666923523,
California,mix2_ffn0_pca200,2,0,200,1,0.7758079767227173,26689,v5-pcasweep,22.152270793914795,
California,mix2_ffn0_pca200,2,0,200,2,0.7843613624572754,26689,v5-pcasweep,21.894559383392334,
California,mix2_ffn0_pca200,2,0,200,3,0.7219507694244385,26689,v5-pcasweep,32.668952226638794,
California,mix2_ffn0_pca200,2,0,200,4,0.772784411907196,26689,v5-pcasweep,25.36017394065857,
Yacht,mix1_ffn1_pca25,1,1,25,0,0.9848986268043518,19073,v5-pcasweep,5.518683195114136,
Yacht,mix1_ffn1_pca25,1,1,25,1,0.9789696931838989,19073,v5-pcasweep,5.895704746246338,
Yacht,mix1_ffn1_pca25,1,1,25,2,0.9684892892837524,19073,v5-pcasweep,6.689083576202393,
Yacht,mix1_ffn1_pca25,1,1,25,3,0.9807063341140747,19073,v5-pcasweep,1.0007164478302002,
Yacht,mix1_ffn1_pca25,1,1,25,4,0.9917261004447937,19073,v5-pcasweep,1.3966107368469238,
Yacht,mix1_ffn1_pca50,1,1,50,0,0.9878861904144287,20673,v5-pcasweep,7.469313859939575,
Yacht,mix1_ffn1_pca50,1,1,50,1,0.9799691438674927,20673,v5-pcasweep,0.9044885635375977,
Yacht,mix1_ffn1_pca50,1,1,50,2,0.9884703755378723,20673,v5-pcasweep,1.7792866230010986,
Yacht,mix1_ffn1_pca50,1,1,50,3,0.9895029067993164,20673,v5-pcasweep,10.256729125976562,
Yacht,mix1_ffn1_pca50,1,1,50,4,0.9913805723190308,20673,v5-pcasweep,1.4631407260894775,
Yacht,mix1_ffn1_pca100,1,1,100,0,0.9918692708015442,23873,v5-pcasweep,1.49869966506958,
Yacht,mix1_ffn1_pca100,1,1,100,1,0.9747114181518555,23873,v5-pcasweep,6.277656316757202,
Yacht,mix1_ffn1_pca100,1,1,100,2,0.9868627190589905,23873,v5-pcasweep,0.9659943580627441,
Yacht,mix1_ffn1_pca100,1,1,100,3,0.9910646677017212,23873,v5-pcasweep,6.091110706329346,
Yacht,mix1_ffn1_pca100,1,1,100,4,0.9938988089561462,23873,v5-pcasweep,1.011772632598877,
Yacht,mix1_ffn1_pca200,1,1,200,0,0.9939286708831787,30273,v5-pcasweep,6.414903879165649,
Yacht,mix1_ffn1_pca200,1,1,200,1,0.9801945686340332,30273,v5-pcasweep,1.2612826824188232,
Yacht,mix1_ffn1_pca200,1,1,200,2,0.9926052689552307,30273,v5-pcasweep,6.942329406738281,
Yacht,mix1_ffn1_pca200,1,1,200,3,0.9792341589927673,30273,v5-pcasweep,0.9249861240386963,
Yacht,mix1_ffn1_pca200,1,1,200,4,0.9943217039108276,30273,v5-pcasweep,1.097559928894043,
Yacht,mix2_ffn0_pca25,2,0,25,0,0.9777432680130005,4161,v5-pcasweep,3.5478358268737793,
Yacht,mix2_ffn0_pca25,2,0,25,1,0.9442027807235718,4161,v5-pcasweep,3.6130447387695312,
Yacht,mix2_ffn0_pca25,2,0,25,2,0.9901919364929199,4161,v5-pcasweep,3.8972864151000977,
Yacht,mix2_ffn0_pca25,2,0,25,3,0.9875012636184692,4161,v5-pcasweep,3.853411912918091,
Yacht,mix2_ffn0_pca25,2,0,25,4,0.9914798140525818,4161,v5-pcasweep,4.371860027313232,
Yacht,mix2_ffn0_pca50,2,0,50,0,0.9894170761108398,7361,v5-pcasweep,8.516307592391968,
Yacht,mix2_ffn0_pca50,2,0,50,1,0.9707200527191162,7361,v5-pcasweep,4.891775608062744,
Yacht,mix2_ffn0_pca50,2,0,50,2,0.9915785193443298,7361,v5-pcasweep,4.086546421051025,
Yacht,mix2_ffn0_pca50,2,0,50,3,0.9968687295913696,7361,v5-pcasweep,3.6533825397491455,
Yacht,mix2_ffn0_pca50,2,0,50,4,0.9957416653633118,7361,v5-pcasweep,8.603881597518921,
Yacht,mix2_ffn0_pca100,2,0,100,0,0.9954323172569275,13761,v5-pcasweep,8.114566564559937,
Yacht,mix2_ffn0_pca100,2,0,100,1,0.9403862357139587,13761,v5-pcasweep,6.15269923210144,
Yacht,mix2_ffn0_pca100,2,0,100,2,0.9881124496459961,13761,v5-pcasweep,1.711426019668579,
Yacht,mix2_ffn0_pca100,2,0,100,3,0.9528210759162903,13761,v5-pcasweep,1.0281164646148682,
Yacht,mix2_ffn0_pca100,2,0,100,4,0.9948049187660217,13761,v5-pcasweep,1.9377305507659912,
Yacht,mix2_ffn0_pca200,2,0,200,0,0.9943612813949585,26561,v5-pcasweep,7.331183195114136,
Yacht,mix2_ffn0_pca200,2,0,200,1,0.9613445401191711,26561,v5-pcasweep,0.9553143978118896,
Yacht,mix2_ffn0_pca200,2,0,200,2,0.9810205698013306,26561,v5-pcasweep,7.319943428039551,
Yacht,mix2_ffn0_pca200,2,0,200,3,0.9973373413085938,26561,v5-pcasweep,1.6019084453582764,
Yacht,mix2_ffn0_pca200,2,0,200,4,0.9980232119560242,26561,v5-pcasweep,4.0856921672821045,
Energy,mix1_ffn1_pca25,1,1,25,0,0.9925848245620728,19201,v5-pcasweep,4.140493154525757,
Energy,mix1_ffn1_pca25,1,1,25,1,0.9914463758468628,19201,v5-pcasweep,4.5585877895355225,
Energy,mix1_ffn1_pca25,1,1,25,2,0.9913836121559143,19201,v5-pcasweep,5.17612099647522,
Energy,mix1_ffn1_pca25,1,1,25,3,0.9887872338294983,19201,v5-pcasweep,3.6407320499420166,
Energy,mix1_ffn1_pca25,1,1,25,4,0.9919582605361938,19201,v5-pcasweep,3.715465784072876,
Energy,mix1_ffn1_pca50,1,1,50,0,0.9954825639724731,20801,v5-pcasweep,5.785966396331787,
Energy,mix1_ffn1_pca50,1,1,50,1,0.995680034160614,20801,v5-pcasweep,2.9882497787475586,
Energy,mix1_ffn1_pca50,1,1,50,2,0.9926121830940247,20801,v5-pcasweep,4.294490814208984,
Energy,mix1_ffn1_pca50,1,1,50,3,0.9959726333618164,20801,v5-pcasweep,5.90708065032959,
Energy,mix1_ffn1_pca50,1,1,50,4,0.994499921798706,20801,v5-pcasweep,3.481332540512085,
Energy,mix1_ffn1_pca100,1,1,100,0,0.9951611757278442,24001,v5-pcasweep,4.012307167053223,
Energy,mix1_ffn1_pca100,1,1,100,1,0.9945105314254761,24001,v5-pcasweep,3.523653030395508,
Energy,mix1_ffn1_pca100,1,1,100,2,0.9914314150810242,24001,v5-pcasweep,4.202578783035278,
Energy,mix1_ffn1_pca100,1,1,100,3,0.9929947853088379,24001,v5-pcasweep,3.3503808975219727,
Energy,mix1_ffn1_pca100,1,1,100,4,0.9920911192893982,24001,v5-pcasweep,3.706066370010376,
Energy,mix1_ffn1_pca200,1,1,200,0,0.9898059368133545,30401,v5-pcasweep,2.9718706607818604,
Energy,mix1_ffn1_pca200,1,1,200,1,0.9947752356529236,30401,v5-pcasweep,4.251479148864746,
Energy,mix1_ffn1_pca200,1,1,200,2,0.993737518787384,30401,v5-pcasweep,3.2855184078216553,
Energy,mix1_ffn1_pca200,1,1,200,3,0.9946210980415344,30401,v5-pcasweep,3.4096975326538086,
Energy,mix1_ffn1_pca200,1,1,200,4,0.9907516241073608,30401,v5-pcasweep,2.7852742671966553,
Energy,mix2_ffn0_pca25,2,0,25,0,0.934660017490387,4289,v5-pcasweep,4.045589447021484,
Energy,mix2_ffn0_pca25,2,0,25,1,0.9864375591278076,4289,v5-pcasweep,10.201602220535278,
Energy,mix2_ffn0_pca25,2,0,25,2,0.9835097193717957,4289,v5-pcasweep,9.228270053863525,
Energy,mix2_ffn0_pca25,2,0,25,3,0.9896364212036133,4289,v5-pcasweep,11.53361201286316,
Energy,mix2_ffn0_pca25,2,0,25,4,0.9770260453224182,4289,v5-pcasweep,9.40001392364502,
Energy,mix2_ffn0_pca50,2,0,50,0,0.9866897463798523,7489,v5-pcasweep,4.799809694290161,
Energy,mix2_ffn0_pca50,2,0,50,1,0.9891206622123718,7489,v5-pcasweep,6.554992914199829,
Energy,mix2_ffn0_pca50,2,0,50,2,0.9891211986541748,7489,v5-pcasweep,8.550074815750122,
Energy,mix2_ffn0_pca50,2,0,50,3,0.9903244972229004,7489,v5-pcasweep,6.268400430679321,
Energy,mix2_ffn0_pca50,2,0,50,4,0.9860086441040039,7489,v5-pcasweep,7.0300304889678955,
Energy,mix2_ffn0_pca100,2,0,100,0,0.9920893907546997,13889,v5-pcasweep,6.983086585998535,
Energy,mix2_ffn0_pca100,2,0,100,1,0.9881216883659363,13889,v5-pcasweep,5.620410919189453,
Energy,mix2_ffn0_pca100,2,0,100,2,0.9929395914077759,13889,v5-pcasweep,7.131155490875244,
Energy,mix2_ffn0_pca100,2,0,100,3,0.9884069561958313,13889,v5-pcasweep,4.66780686378479,
Energy,mix2_ffn0_pca100,2,0,100,4,0.9888847470283508,13889,v5-pcasweep,7.16650128364563,
Energy,mix2_ffn0_pca200,2,0,200,0,0.9939090609550476,26689,v5-pcasweep,8.781163454055786,
Energy,mix2_ffn0_pca200,2,0,200,1,0.9931656718254089,26689,v5-pcasweep,6.361882448196411,
Energy,mix2_ffn0_pca200,2,0,200,2,0.9942376613616943,26689,v5-pcasweep,5.853655576705933,
Energy,mix2_ffn0_pca200,2,0,200,3,0.9950383901596069,26689,v5-pcasweep,6.807681322097778,
Energy,mix2_ffn0_pca200,2,0,200,4,0.9928978681564331,26689,v5-pcasweep,6.425161838531494,
Concrete,mix1_ffn1_pca25,1,1,25,0,0.8878521919250488,19201,v5-pcasweep,6.001069068908691,
Concrete,mix1_ffn1_pca25,1,1,25,1,0.8789350986480713,19201,v5-pcasweep,3.5965893268585205,
Concrete,mix1_ffn1_pca25,1,1,25,2,0.9163429737091064,19201,v5-pcasweep,5.264308452606201,
Concrete,mix1_ffn1_pca25,1,1,25,3,0.8901291489601135,19201,v5-pcasweep,3.514937162399292,
Concrete,mix1_ffn1_pca25,1,1,25,4,0.8989428877830505,19201,v5-pcasweep,3.6079368591308594,
Concrete,mix1_ffn1_pca50,1,1,50,0,0.8828566074371338,20801,v5-pcasweep,4.919820785522461,
Concrete,mix1_ffn1_pca50,1,1,50,1,0.9005444049835205,20801,v5-pcasweep,4.183995485305786,
Concrete,mix1_ffn1_pca50,1,1,50,2,0.9200495481491089,20801,v5-pcasweep,3.7146310806274414,
Concrete,mix1_ffn1_pca50,1,1,50,3,0.9007627964019775,20801,v5-pcasweep,3.4825286865234375,
Concrete,mix1_ffn1_pca50,1,1,50,4,0.9041255116462708,20801,v5-pcasweep,2.948910713195801,
Concrete,mix1_ffn1_pca100,1,1,100,0,0.8873375058174133,24001,v5-pcasweep,3.734506130218506,
Concrete,mix1_ffn1_pca100,1,1,100,1,0.9047316312789917,24001,v5-pcasweep,2.9704978466033936,
Concrete,mix1_ffn1_pca100,1,1,100,2,0.917839527130127,24001,v5-pcasweep,3.136119842529297,
Concrete,mix1_ffn1_pca100,1,1,100,3,0.9135743379592896,24001,v5-pcasweep,5.37252402305603,
Concrete,mix1_ffn1_pca100,1,1,100,4,0.9065854549407959,24001,v5-pcasweep,5.2058117389678955,
Concrete,mix1_ffn1_pca200,1,1,200,0,0.8967450857162476,30401,v5-pcasweep,5.843561887741089,
Concrete,mix1_ffn1_pca200,1,1,200,1,0.9053700566291809,30401,v5-pcasweep,3.8886191844940186,
Concrete,mix1_ffn1_pca200,1,1,200,2,0.9196611046791077,30401,v5-pcasweep,3.6670422554016113,
Concrete,mix1_ffn1_pca200,1,1,200,3,0.8945313096046448,30401,v5-pcasweep,3.8522403240203857,
Concrete,mix1_ffn1_pca200,1,1,200,4,0.9108657836914062,30401,v5-pcasweep,3.8352065086364746,
Concrete,mix2_ffn0_pca25,2,0,25,0,0.852227509021759,4289,v5-pcasweep,14.829793930053711,
Concrete,mix2_ffn0_pca25,2,0,25,1,0.8655664324760437,4289,v5-pcasweep,10.691503047943115,
Concrete,mix2_ffn0_pca25,2,0,25,2,0.8711138963699341,4289,v5-pcasweep,15.202513933181763,
Concrete,mix2_ffn0_pca25,2,0,25,3,0.8647977113723755,4289,v5-pcasweep,8.168477535247803,
Concrete,mix2_ffn0_pca25,2,0,25,4,0.8782169818878174,4289,v5-pcasweep,13.259408950805664,
Concrete,mix2_ffn0_pca50,2,0,50,0,0.8467268943786621,7489,v5-pcasweep,7.653165340423584,
Concrete,mix2_ffn0_pca50,2,0,50,1,0.8733494281768799,7489,v5-pcasweep,7.137535095214844,
Concrete,mix2_ffn0_pca50,2,0,50,2,0.891323983669281,7489,v5-pcasweep,8.524996042251587,
Concrete,mix2_ffn0_pca50,2,0,50,3,0.8996681571006775,7489,v5-pcasweep,6.841711759567261,
Concrete,mix2_ffn0_pca50,2,0,50,4,0.8884552121162415,7489,v5-pcasweep,10.720850706100464,
Concrete,mix2_ffn0_pca100,2,0,100,0,0.897575318813324,13889,v5-pcasweep,7.47790002822876,
Concrete,mix2_ffn0_pca100,2,0,100,1,0.8866758346557617,13889,v5-pcasweep,7.841177225112915,
Concrete,mix2_ffn0_pca100,2,0,100,2,0.8899333477020264,13889,v5-pcasweep,6.507256269454956,
Concrete,mix2_ffn0_pca100,2,0,100,3,0.8894683718681335,13889,v5-pcasweep,7.584957838058472,
Concrete,mix2_ffn0_pca100,2,0,100,4,0.9031282067298889,13889,v5-pcasweep,7.000004291534424,
Concrete,mix2_ffn0_pca200,2,0,200,0,0.8926252126693726,26689,v5-pcasweep,7.699370861053467,
Concrete,mix2_ffn0_pca200,2,0,200,1,0.8873936533927917,26689,v5-pcasweep,9.27925419807434,
Concrete,mix2_ffn0_pca200,2,0,200,2,0.8857020139694214,26689,v5-pcasweep,6.165654182434082,
Concrete,mix2_ffn0_pca200,2,0,200,3,0.9066027402877808,26689,v5-pcasweep,6.654651880264282,
Concrete,mix2_ffn0_pca200,2,0,200,4,0.905083417892456,26689,v5-pcasweep,9.291314363479614,
Airfoil,mix1_ffn1_pca25,1,1,25,0,0.9506263732910156,19009,v5-pcasweep,3.4609529972076416,
Airfoil,mix1_ffn1_pca25,1,1,25,1,0.9358577728271484,19009,v5-pcasweep,3.584660053253174,
Airfoil,mix1_ffn1_pca25,1,1,25,2,0.9337272644042969,19009,v5-pcasweep,3.6676852703094482,
Airfoil,mix1_ffn1_pca25,1,1,25,3,0.890551745891571,19009,v5-pcasweep,2.597489595413208,
Airfoil,mix1_ffn1_pca25,1,1,25,4,0.9078801274299622,19009,v5-pcasweep,4.065641403198242,
Airfoil,mix1_ffn1_pca50,1,1,50,0,0.9523493647575378,20609,v5-pcasweep,4.4452431201934814,
Airfoil,mix1_ffn1_pca50,1,1,50,1,0.9050605297088623,20609,v5-pcasweep,2.6142032146453857,
Airfoil,mix1_ffn1_pca50,1,1,50,2,0.9343461990356445,20609,v5-pcasweep,3.8101251125335693,
Airfoil,mix1_ffn1_pca50,1,1,50,3,0.8767752051353455,20609,v5-pcasweep,2.4266154766082764,
Airfoil,mix1_ffn1_pca50,1,1,50,4,0.9306269288063049,20609,v5-pcasweep,4.019614219665527,
Airfoil,mix1_ffn1_pca100,1,1,100,0,0.9567417502403259,23809,v5-pcasweep,4.243253231048584,
Airfoil,mix1_ffn1_pca100,1,1,100,1,0.9421022534370422,23809,v5-pcasweep,3.216078758239746,
Airfoil,mix1_ffn1_pca100,1,1,100,2,0.9290167093276978,23809,v5-pcasweep,3.0994434356689453,
Airfoil,mix1_ffn1_pca100,1,1,100,3,0.8832235336303711,23809,v5-pcasweep,2.620025873184204,
Airfoil,mix1_ffn1_pca100,1,1,100,4,0.9356002807617188,23809,v5-pcasweep,4.425875186920166,
Airfoil,mix1_ffn1_pca200,1,1,200,0,0.9563093185424805,30209,v5-pcasweep,3.8304286003112793,
Airfoil,mix1_ffn1_pca200,1,1,200,1,0.9387958645820618,30209,v5-pcasweep,3.353332996368408,
Airfoil,mix1_ffn1_pca200,1,1,200,2,0.9430675506591797,30209,v5-pcasweep,4.709012985229492,
Airfoil,mix1_ffn1_pca200,1,1,200,3,0.8742163181304932,30209,v5-pcasweep,3.1297574043273926,
Airfoil,mix1_ffn1_pca200,1,1,200,4,0.9328308701515198,30209,v5-pcasweep,3.431061267852783,
Airfoil,mix2_ffn0_pca25,2,0,25,0,0.946067750453949,4097,v5-pcasweep,10.829949617385864,
Airfoil,mix2_ffn0_pca25,2,0,25,1,0.9370030164718628,4097,v5-pcasweep,10.236437797546387,
Airfoil,mix2_ffn0_pca25,2,0,25,2,0.9163488149642944,4097,v5-pcasweep,8.9050874710083,
Airfoil,mix2_ffn0_pca25,2,0,25,3,0.8583133816719055,4097,v5-pcasweep,4.842049837112427,
Airfoil,mix2_ffn0_pca25,2,0,25,4,0.9163414835929871,4097,v5-pcasweep,11.716787099838257,
Airfoil,mix2_ffn0_pca50,2,0,50,0,0.9226716756820679,7297,v5-pcasweep,5.393073797225952,
Airfoil,mix2_ffn0_pca50,2,0,50,1,0.9429143667221069,7297,v5-pcasweep,9.233905792236328,
Airfoil,mix2_ffn0_pca50,2,0,50,2,0.9239389300346375,7297,v5-pcasweep,6.91945481300354,
Airfoil,mix2_ffn0_pca50,2,0,50,3,0.8603081107139587,7297,v5-pcasweep,3.3229026794433594,
Airfoil,mix2_ffn0_pca50,2,0,50,4,0.9090297818183899,7297,v5-pcasweep,4.722076892852783,
Airfoil,mix2_ffn0_pca100,2,0,100,0,0.9190476536750793,13697,v5-pcasweep,4.349322557449341,
Airfoil,mix2_ffn0_pca100,2,0,100,1,0.903904378414154,13697,v5-pcasweep,5.244431495666504,
Airfoil,mix2_ffn0_pca100,2,0,100,2,0.9194246530532837,13697,v5-pcasweep,5.661459684371948,
Airfoil,mix2_ffn0_pca100,2,0,100,3,0.8592228889465332,13697,v5-pcasweep,3.56251859664917,
Airfoil,mix2_ffn0_pca100,2,0,100,4,0.9026005864143372,13697,v5-pcasweep,3.9148430824279785,
Airfoil,mix2_ffn0_pca200,2,0,200,0,0.9365898370742798,26497,v5-pcasweep,4.467493534088135,
Airfoil,mix2_ffn0_pca200,2,0,200,1,0.9444583058357239,26497,v5-pcasweep,4.486231327056885,
Airfoil,mix2_ffn0_pca200,2,0,200,2,0.9258403182029724,26497,v5-pcasweep,4.863043308258057,
Airfoil,mix2_ffn0_pca200,2,0,200,3,0.8461864590644836,26497,v5-pcasweep,2.3101720809936523,
Airfoil,mix2_ffn0_pca200,2,0,200,4,0.9333270192146301,26497,v5-pcasweep,5.739985227584839,
Abalone,mix1_ffn1_pca25,1,1,25,0,0.32374536991119385,19137,v5-pcasweep,7.575185775756836,
Abalone,mix1_ffn1_pca25,1,1,25,1,0.34178441762924194,19137,v5-pcasweep,5.679486513137817,
Abalone,mix1_ffn1_pca25,1,1,25,2,0.3215717077255249,19137,v5-pcasweep,5.463192701339722,
Abalone,mix1_ffn1_pca25,1,1,25,3,0.34597069025039673,19137,v5-pcasweep,6.749566078186035,
Abalone,mix1_ffn1_pca25,1,1,25,4,0.313715398311615,19137,v5-pcasweep,4.910980224609375,
Abalone,mix1_ffn1_pca50,1,1,50,0,0.32308536767959595,20737,v5-pcasweep,6.049879550933838,
Abalone,mix1_ffn1_pca50,1,1,50,1,0.3518356680870056,20737,v5-pcasweep,4.211013317108154,
Abalone,mix1_ffn1_pca50,1,1,50,2,0.3242735266685486,20737,v5-pcasweep,5.552026987075806,
Abalone,mix1_ffn1_pca50,1,1,50,3,0.33600640296936035,20737,v5-pcasweep,6.755789041519165,
Abalone,mix1_ffn1_pca50,1,1,50,4,0.31836920976638794,20737,v5-pcasweep,4.84044885635376,
Abalone,mix1_ffn1_pca100,1,1,100,0,0.3245214819908142,23937,v5-pcasweep,5.418227195739746,
Abalone,mix1_ffn1_pca100,1,1,100,1,0.3439161777496338,23937,v5-pcasweep,8.658849000930786,
Abalone,mix1_ffn1_pca100,1,1,100,2,0.32745498418807983,23937,v5-pcasweep,7.1245410442352295,
Abalone,mix1_ffn1_pca100,1,1,100,3,0.338167667388916,23937,v5-pcasweep,7.0790650844573975,
Abalone,mix1_ffn1_pca100,1,1,100,4,0.31600505113601685,23937,v5-pcasweep,10.162084579467773,
Abalone,mix1_ffn1_pca200,1,1,200,0,0.33076953887939453,30337,v5-pcasweep,6.743781566619873,
Abalone,mix1_ffn1_pca200,1,1,200,1,0.34092462062835693,30337,v5-pcasweep,9.511471271514893,
Abalone,mix1_ffn1_pca200,1,1,200,2,0.32442086935043335,30337,v5-pcasweep,7.449145317077637,
Abalone,mix1_ffn1_pca200,1,1,200,3,0.34356629848480225,30337,v5-pcasweep,8.079000234603882,
Abalone,mix1_ffn1_pca200,1,1,200,4,0.3237799406051636,30337,v5-pcasweep,10.837607860565186,
Abalone,mix2_ffn0_pca25,2,0,25,0,0.31952327489852905,4225,v5-pcasweep,14.264693260192871,
Abalone,mix2_ffn0_pca25,2,0,25,1,0.357883095741272,4225,v5-pcasweep,12.650919437408447,
Abalone,mix2_ffn0_pca25,2,0,25,2,0.3276436924934387,4225,v5-pcasweep,9.175932168960571,
Abalone,mix2_ffn0_pca25,2,0,25,3,0.32968735694885254,4225,v5-pcasweep,10.831033706665039,
Abalone,mix2_ffn0_pca25,2,0,25,4,0.3261335492134094,4225,v5-pcasweep,14.133234977722168,
Abalone,mix2_ffn0_pca50,2,0,50,0,0.32960474491119385,7425,v5-pcasweep,9.916484832763672,
Abalone,mix2_ffn0_pca50,2,0,50,1,0.34781819581985474,7425,v5-pcasweep,11.600895166397095,
Abalone,mix2_ffn0_pca50,2,0,50,2,0.3210673928260803,7425,v5-pcasweep,10.345461368560791,
Abalone,mix2_ffn0_pca50,2,0,50,3,0.31954264640808105,7425,v5-pcasweep,7.717926740646362,
Abalone,mix2_ffn0_pca50,2,0,50,4,0.31822866201400757,7425,v5-pcasweep,8.764212846755981,
Abalone,mix2_ffn0_pca100,2,0,100,0,0.32416439056396484,13825,v5-pcasweep,10.62439775466919,
Abalone,mix2_ffn0_pca100,2,0,100,1,0.3511155843734741,13825,v5-pcasweep,12.55946159362793,
Abalone,mix2_ffn0_pca100,2,0,100,2,0.3229318857192993,13825,v5-pcasweep,11.342094421386719,
Abalone,mix2_ffn0_pca100,2,0,100,3,0.32453471422195435,13825,v5-pcasweep,10.609225273132324,
Abalone,mix2_ffn0_pca100,2,0,100,4,0.321527361869812,13825,v5-pcasweep,13.297146081924438,
Abalone,mix2_ffn0_pca200,2,0,200,0,0.32827210426330566,26625,v5-pcasweep,10.207520484924316,
Abalone,mix2_ffn0_pca200,2,0,200,1,0.3472011089324951,26625,v5-pcasweep,11.292818784713745,
Abalone,mix2_ffn0_pca200,2,0,200,2,0.3188024163246155,26625,v5-pcasweep,10.05194878578186,
Abalone,mix2_ffn0_pca200,2,0,200,3,0.3392724394798279,26625,v5-pcasweep,9.531129598617554,
Abalone,mix2_ffn0_pca200,2,0,200,4,0.3141214847564697,26625,v5-pcasweep,12.82370901107788,
Kin8nm,mix1_ffn1_pca25,1,1,25,0,0.8921403288841248,19201,v5-pcasweep,16.602922677993774,
Kin8nm,mix1_ffn1_pca25,1,1,25,1,0.8863694667816162,19201,v5-pcasweep,12.10229754447937,
Kin8nm,mix1_ffn1_pca25,1,1,25,2,0.8935286402702332,19201,v5-pcasweep,19.29447913169861,
Kin8nm,mix1_ffn1_pca25,1,1,25,3,0.9074058532714844,19201,v5-pcasweep,15.250013828277588,
Kin8nm,mix1_ffn1_pca25,1,1,25,4,0.9116564989089966,19201,v5-pcasweep,20.475139379501343,
Kin8nm,mix1_ffn1_pca50,1,1,50,0,0.907248854637146,20801,v5-pcasweep,8.72164511680603,
Kin8nm,mix1_ffn1_pca50,1,1,50,1,0.9185061454772949,20801,v5-pcasweep,11.300139665603638,
Kin8nm,mix1_ffn1_pca50,1,1,50,2,0.9169227480888367,20801,v5-pcasweep,12.103899478912354,
Kin8nm,mix1_ffn1_pca50,1,1,50,3,0.9216951727867126,20801,v5-pcasweep,13.37536358833313,
Kin8nm,mix1_ffn1_pca50,1,1,50,4,0.9196213483810425,20801,v5-pcasweep,10.265766382217407,
Kin8nm,mix1_ffn1_pca100,1,1,100,0,0.9146794080734253,24001,v5-pcasweep,12.098672151565552,
Kin8nm,mix1_ffn1_pca100,1,1,100,1,0.9221222400665283,24001,v5-pcasweep,12.243474245071411,
Kin8nm,mix1_ffn1_pca100,1,1,100,2,0.916348934173584,24001,v5-pcasweep,13.423660278320312,
Kin8nm,mix1_ffn1_pca100,1,1,100,3,0.9220530390739441,24001,v5-pcasweep,14.014000654220581,
Kin8nm,mix1_ffn1_pca100,1,1,100,4,0.9177248477935791,24001,v5-pcasweep,12.625426054000854,
Kin8nm,mix1_ffn1_pca200,1,1,200,0,0.9147433042526245,30401,v5-pcasweep,14.070192337036133,
Kin8nm,mix1_ffn1_pca200,1,1,200,1,0.9225006103515625,30401,v5-pcasweep,14.162535190582275,
Kin8nm,mix1_ffn1_pca200,1,1,200,2,0.9189587235450745,30401,v5-pcasweep,16.022790670394897,
Kin8nm,mix1_ffn1_pca200,1,1,200,3,0.9227859973907471,30401,v5-pcasweep,14.231454849243164,
Kin8nm,mix1_ffn1_pca200,1,1,200,4,0.9264639019966125,30401,v5-pcasweep,17.025743007659912,
Kin8nm,mix2_ffn0_pca25,2,0,25,0,0.8895630836486816,4289,v5-pcasweep,39.01939558982849,
Kin8nm,mix2_ffn0_pca25,2,0,25,1,0.8726872205734253,4289,v5-pcasweep,36.0123028755188,
Kin8nm,mix2_ffn0_pca25,2,0,25,2,0.8924998641014099,4289,v5-pcasweep,58.275184631347656,
Kin8nm,mix2_ffn0_pca25,2,0,25,3,0.9011754393577576,4289,v5-pcasweep,74.77085304260254,
Kin8nm,mix2_ffn0_pca25,2,0,25,4,0.8964949250221252,4289,v5-pcasweep,45.14475154876709,
Kin8nm,mix2_ffn0_pca50,2,0,50,0,0.9049604535102844,7489,v5-pcasweep,28.379318952560425,
Kin8nm,mix2_ffn0_pca50,2,0,50,1,0.9045530557632446,7489,v5-pcasweep,20.617362022399902,
Kin8nm,mix2_ffn0_pca50,2,0,50,2,0.9007629156112671,7489,v5-pcasweep,26.833492040634155,
Kin8nm,mix2_ffn0_pca50,2,0,50,3,0.9077602624893188,7489,v5-pcasweep,21.546200037002563,
Kin8nm,mix2_ffn0_pca50,2,0,50,4,0.9093671441078186,7489,v5-pcasweep,26.35433077812195,
Kin8nm,mix2_ffn0_pca100,2,0,100,0,0.9066371321678162,13889,v5-pcasweep,21.590837001800537,
Kin8nm,mix2_ffn0_pca100,2,0,100,1,0.9100825786590576,13889,v5-pcasweep,23.345203399658203,
Kin8nm,mix2_ffn0_pca100,2,0,100,2,0.9000048637390137,13889,v5-pcasweep,29.805448055267334,
Kin8nm,mix2_ffn0_pca100,2,0,100,3,0.9091293811798096,13889,v5-pcasweep,20.427306175231934,
Kin8nm,mix2_ffn0_pca100,2,0,100,4,0.9160792827606201,13889,v5-pcasweep,24.29002356529236,
Kin8nm,mix2_ffn0_pca200,2,0,200,0,0.9102219343185425,26689,v5-pcasweep,23.69020676612854,
Kin8nm,mix2_ffn0_pca200,2,0,200,1,0.9070619344711304,26689,v5-pcasweep,19.482032775878906,
Kin8nm,mix2_ffn0_pca200,2,0,200,2,0.9019346237182617,26689,v5-pcasweep,29.998075008392334,
Kin8nm,mix2_ffn0_pca200,2,0,200,3,0.9116756319999695,26689,v5-pcasweep,25.5228431224823,
Kin8nm,mix2_ffn0_pca200,2,0,200,4,0.9145717620849609,26689,v5-pcasweep,24.608463048934937,
Protein,mix1_ffn1_pca25,1,1,25,0,0.4461982846260071,19265,v5-pcasweep,12.784854650497437,
Protein,mix1_ffn1_pca25,1,1,25,1,0.4059832692146301,19265,v5-pcasweep,13.614970922470093,
Protein,mix1_ffn1_pca25,1,1,25,2,0.39591532945632935,19265,v5-pcasweep,14.084048509597778,
Protein,mix1_ffn1_pca25,1,1,25,3,0.43891775608062744,19265,v5-pcasweep,12.944761037826538,
Protein,mix1_ffn1_pca25,1,1,25,4,0.442715048789978,19265,v5-pcasweep,20.185094833374023,
Protein,mix1_ffn1_pca50,1,1,50,0,0.4516914486885071,20865,v5-pcasweep,14.461368560791016,
Protein,mix1_ffn1_pca50,1,1,50,1,0.4327659606933594,20865,v5-pcasweep,19.105441570281982,
Protein,mix1_ffn1_pca50,1,1,50,2,0.4282558560371399,20865,v5-pcasweep,12.25672698020935,
Protein,mix1_ffn1_pca50,1,1,50,3,0.46824055910110474,20865,v5-pcasweep,23.450897932052612,
Protein,mix1_ffn1_pca50,1,1,50,4,0.43893128633499146,20865,v5-pcasweep,16.291950225830078,
Protein,mix1_ffn1_pca100,1,1,100,0,0.4731252193450928,24065,v5-pcasweep,20.988790035247803,
Protein,mix1_ffn1_pca100,1,1,100,1,0.4364420771598816,24065,v5-pcasweep,18.90729022026062,
Protein,mix1_ffn1_pca100,1,1,100,2,0.4241408109664917,24065,v5-pcasweep,12.742796421051025,
Protein,mix1_ffn1_pca100,1,1,100,3,0.47036319971084595,24065,v5-pcasweep,21.100919485092163,
Protein,mix1_ffn1_pca100,1,1,100,4,0.45366233587265015,24065,v5-pcasweep,15.715699195861816,
Protein,mix1_ffn1_pca200,1,1,200,0,0.42161762714385986,30465,v5-pcasweep,17.207759857177734,
Protein,mix1_ffn1_pca200,1,1,200,1,0.4538307785987854,30465,v5-pcasweep,22.780575037002563,
Protein,mix1_ffn1_pca200,1,1,200,2,0.4563177824020386,30465,v5-pcasweep,20.666863441467285,
Protein,mix1_ffn1_pca200,1,1,200,3,0.4619503617286682,30465,v5-pcasweep,24.354365825653076,
Protein,mix1_ffn1_pca200,1,1,200,4,0.4494163393974304,30465,v5-pcasweep,17.51156449317932,
Protein,mix2_ffn0_pca25,2,0,25,0,0.4216880202293396,4353,v5-pcasweep,27.343045473098755,
Protein,mix2_ffn0_pca25,2,0,25,1,0.4007881283760071,4353,v5-pcasweep,50.528393268585205,
Protein,mix2_ffn0_pca25,2,0,25,2,0.40548908710479736,4353,v5-pcasweep,32.566872119903564,
Protein,mix2_ffn0_pca25,2,0,25,3,0.44154953956604004,4353,v5-pcasweep,58.781760692596436,
Protein,mix2_ffn0_pca25,2,0,25,4,0.4153183698654175,4353,v5-pcasweep,24.783617734909058,
Protein,mix2_ffn0_pca50,2,0,50,0,0.4634736180305481,7553,v5-pcasweep,46.73350119590759,
Protein,mix2_ffn0_pca50,2,0,50,1,0.416483998298645,7553,v5-pcasweep,31.65764808654785,
Protein,mix2_ffn0_pca50,2,0,50,2,0.43724942207336426,7553,v5-pcasweep,27.594248294830322,
Protein,mix2_ffn0_pca50,2,0,50,3,0.43390631675720215,7553,v5-pcasweep,30.46548342704773,
Protein,mix2_ffn0_pca50,2,0,50,4,0.4238666892051697,7553,v5-pcasweep,22.298437356948853,
Protein,mix2_ffn0_pca100,2,0,100,0,0.4570801854133606,13953,v5-pcasweep,52.07158303260803,
Protein,mix2_ffn0_pca100,2,0,100,1,0.42685168981552124,13953,v5-pcasweep,32.66071796417236,
Protein,mix2_ffn0_pca100,2,0,100,2,0.45276784896850586,13953,v5-pcasweep,32.919514417648315,
Protein,mix2_ffn0_pca100,2,0,100,3,0.4351431131362915,13953,v5-pcasweep,23.287965059280396,
Protein,mix2_ffn0_pca100,2,0,100,4,0.43522053956985474,13953,v5-pcasweep,29.12343120574951,
Protein,mix2_ffn0_pca200,2,0,200,0,0.4513552188873291,26753,v5-pcasweep,43.09163284301758,
Protein,mix2_ffn0_pca200,2,0,200,1,0.4347575902938843,26753,v5-pcasweep,34.82250428199768,
Protein,mix2_ffn0_pca200,2,0,200,2,0.43135422468185425,26753,v5-pcasweep,33.94661808013916,
Protein,mix2_ffn0_pca200,2,0,200,3,0.4554312229156494,26753,v5-pcasweep,36.55608034133911,
Protein,mix2_ffn0_pca200,2,0,200,4,0.4221479296684265,26753,v5-pcasweep,38.93888974189758,
