arm,P,model,seed_idx,r2,wall_s,error
frac5,10,OLS,0,0.7187677621841431,0.10853409767150879,
frac5,10,RF,0,0.885206366467736,1.4792919158935547,
frac5,10,FTT,0,0.9550068974494934,9.246010541915894,
frac5,10,RB,0,0.9458544254302979,15.857720136642456,
frac5,10,OLS,1,0.6811791062355042,0.10016059875488281,
frac5,10,RF,1,0.8750321480005911,1.3090479373931885,
frac5,10,FTT,1,0.9549134373664856,10.857704401016235,
frac5,10,RB,1,0.9488377571105957,14.834067821502686,
frac5,10,OLS,2,0.6972540020942688,0.1087493896484375,
frac5,10,RF,2,0.8823293015215278,1.635352373123169,
frac5,10,FTT,2,0.9518359303474426,10.814517736434937,
frac5,10,RB,2,0.9457843899726868,13.545642852783203,
frac5,10,OLS,3,0.7199244499206543,0.0903167724609375,
frac5,10,RF,3,0.8895354919549717,1.6833875179290771,
frac5,10,FTT,3,0.9530485272407532,10.403248310089111,
frac5,10,RB,3,0.949295699596405,14.347436904907227,
frac5,10,OLS,4,0.718428909778595,0.09236550331115723,
frac5,10,RF,4,0.8904485853561781,1.1138629913330078,
frac5,10,FTT,4,0.956155002117157,9.610479593276978,
frac5,10,RB,4,0.947446346282959,16.958768844604492,
frac5,20,OLS,0,0.7344349026679993,0.11002659797668457,
frac5,20,RF,0,0.8692337148686862,1.357774257659912,
frac5,20,FTT,0,0.9530456066131592,8.869875431060791,
frac5,20,RB,0,0.9108721613883972,57.6779727935791,
frac5,20,OLS,1,0.6823286414146423,0.1529240608215332,
frac5,20,RF,1,0.8588186204851278,1.470066785812378,
frac5,20,FTT,1,0.9517070055007935,10.842447280883789,
frac5,20,RB,1,0.8842751979827881,50.30008387565613,
frac5,20,OLS,2,0.7068506479263306,0.013204097747802734,
frac5,20,RF,2,0.8572398575847658,1.0598275661468506,
frac5,20,FTT,2,0.9502666592597961,9.979870557785034,
frac5,20,RB,2,0.9109671115875244,54.92846083641052,
frac5,20,OLS,3,0.7437562942504883,0.012184619903564453,
frac5,20,RF,3,0.8766667156792973,1.5624041557312012,
frac5,20,FTT,3,0.9543512463569641,8.726038455963135,
frac5,20,RB,3,0.907469630241394,58.228575468063354,
frac5,20,OLS,4,0.7271304726600647,0.010986328125,
frac5,20,RF,4,0.8639629385426604,1.351940393447876,
frac5,20,FTT,4,0.9536046981811523,11.110648393630981,
frac5,20,RB,4,0.9041594862937927,53.8595712184906,
frac5,50,OLS,0,0.7140892744064331,0.024048805236816406,
frac5,50,RF,0,0.8425576418638072,1.5728344917297363,
frac5,50,FTT,0,0.9473312497138977,13.334392547607422,
frac5,50,RB,0,0.8694817423820496,409.5749673843384,
frac5,50,OLS,1,0.6847513914108276,0.02613544464111328,
frac5,50,RF,1,0.842801454306561,1.5651905536651611,
frac5,50,FTT,1,0.9412171244621277,11.327334642410278,
frac5,50,RB,1,0.8590385317802429,549.4784047603607,
frac5,50,OLS,2,0.7168551087379456,0.024298667907714844,
frac5,50,RF,2,0.8368804771533205,1.5273635387420654,
frac5,50,FTT,2,0.9520537257194519,15.90274977684021,
frac5,50,RB,2,0.8774794340133667,441.50972414016724,
frac5,50,OLS,3,0.7005571126937866,0.13458490371704102,
frac5,50,RF,3,0.845338954041772,1.926835060119629,
frac5,50,FTT,3,0.95164555311203,9.587335586547852,
frac5,50,RB,3,0.8837456703186035,453.0944256782532,
frac5,50,OLS,4,0.6992857456207275,0.020607709884643555,
frac5,50,RF,4,0.8454069262458518,1.4583306312561035,
frac5,50,FTT,4,0.9434221386909485,13.20973539352417,
frac5,50,RB,4,0.861506462097168,456.9171495437622,
orig50,10,OLS,0,0.7187677621841431,0.006734609603881836,
orig50,10,RF,0,0.885206366467736,1.48769211769104,
orig50,10,FTT,0,0.9550068974494934,9.729856967926025,
orig50,10,RB,0,0.9458544254302979,15.885926008224487,
orig50,10,OLS,1,0.6811790466308594,0.004620552062988281,
orig50,10,RF,1,0.8750321480005911,1.4613161087036133,
orig50,10,FTT,1,0.9549134373664856,11.734732389450073,
orig50,10,RB,1,0.9488377571105957,14.131498575210571,
orig50,10,OLS,2,0.6972540020942688,0.005542755126953125,
orig50,10,RF,2,0.8823293015215278,1.4084444046020508,
orig50,10,FTT,2,0.9518359303474426,10.939172744750977,
orig50,10,RB,2,0.9457843899726868,12.797637939453125,
orig50,10,OLS,3,0.7199244499206543,0.008499383926391602,
orig50,10,RF,3,0.8895354919549717,1.089365005493164,
orig50,10,FTT,3,0.9535585641860962,12.279146909713745,
orig50,10,RB,3,0.949295699596405,12.591755151748657,
orig50,10,OLS,4,0.718428909778595,0.004493236541748047,
orig50,10,RF,4,0.8904485853561781,1.2867968082427979,
orig50,10,FTT,4,0.956155002117157,4.693475723266602,
orig50,10,RB,4,0.947446346282959,12.414072513580322,
orig50,20,OLS,0,0.7263799905776978,0.007306814193725586,
orig50,20,RF,0,0.7620437676990195,0.9149458408355713,
orig50,20,FTT,0,0.9513807892799377,13.26890778541565,
orig50,20,RB,0,0.904407262802124,56.39501929283142,
orig50,20,OLS,1,0.714776337146759,0.01202845573425293,
orig50,20,RF,1,0.7754329825373557,1.2386949062347412,
orig50,20,FTT,1,0.9482386708259583,12.028800249099731,
orig50,20,RB,1,0.8852099776268005,52.379618406295776,
orig50,20,OLS,2,0.6963506937026978,0.011627197265625,
orig50,20,RF,2,0.7615576833636789,1.0801045894622803,
orig50,20,FTT,2,0.9440035223960876,10.524804830551147,
orig50,20,RB,2,0.8793766498565674,53.062626361846924,
orig50,20,OLS,3,0.7170329093933105,0.10917401313781738,
orig50,20,RF,3,0.7829321020482948,1.063776969909668,
orig50,20,FTT,3,0.9515575170516968,7.910189867019653,
orig50,20,RB,3,0.8962251543998718,56.04622292518616,
orig50,20,OLS,4,0.7246242761611938,0.011225700378417969,
orig50,20,RF,4,0.7639664180014807,1.195509433746338,
orig50,20,FTT,4,0.9523196220397949,7.870021343231201,
orig50,20,RB,4,0.885461688041687,55.03898739814758,
orig50,50,OLS,0,0.707166850566864,0.0236053466796875,
orig50,50,RF,0,0.5186394915415975,1.5943353176116943,
orig50,50,FTT,0,0.8848092555999756,12.259294033050537,
orig50,50,RB,0,0.6981971263885498,368.57206082344055,
orig50,50,OLS,1,0.7129098176956177,0.015148162841796875,
orig50,50,RF,1,0.5547794026462636,1.3685860633850098,
orig50,50,FTT,1,0.8912351131439209,16.220508337020874,
orig50,50,RB,1,0.714460551738739,348.98561239242554,
orig50,50,OLS,2,0.7301127314567566,0.022001028060913086,
orig50,50,RF,2,0.5233368157754522,1.5335190296173096,
orig50,50,FTT,2,0.9139899015426636,22.039241552352905,
orig50,50,RB,2,0.7312014102935791,339.40940117836,
orig50,50,OLS,3,0.6955212354660034,0.026010751724243164,
orig50,50,RF,3,0.534880597784837,1.5002920627593994,
orig50,50,FTT,3,0.9222635626792908,14.104580402374268,
orig50,50,RB,3,0.7218259572982788,331.17250537872314,
orig50,50,OLS,4,0.698332667350769,0.024628400802612305,
orig50,50,RF,4,0.5278082268405042,1.5089411735534668,
orig50,50,FTT,4,0.9182677268981934,27.86229658126831,
orig50,50,RB,4,0.7066209316253662,393.43321347236633,
