dataset,model,seed_idx,n_train,r2,wall_s,error
California,OLS,0,16512,0.5757876634597778,0.11552143096923828,
California,RF,0,16512,0.8143837229775904,1.56510591506958,
California,FTT,0,16512,0.8041694164276123,33.78264331817627,
California,RB,0,16512,0.8047165870666504,45.78852081298828,
California,OLS,1,16512,0.6133227944374084,0.2040243148803711,
California,RF,1,16512,0.8190660334065512,1.9318907260894775,
California,FTT,1,16512,0.8124346733093262,28.99812340736389,
California,RB,1,16512,0.807064414024353,36.02848410606384,
California,OLS,2,16512,0.6031616926193237,0.13539814949035645,
California,RF,2,16512,0.8173828115347868,1.5590794086456299,
California,FTT,2,16512,0.8150589466094971,50.14967584609985,
California,RB,2,16512,0.8029858469963074,51.18223428726196,
California,OLS,3,16512,0.6022250652313232,0.10449528694152832,
California,RF,3,16512,0.8135597576359903,1.9246563911437988,
California,FTT,3,16512,0.7974632382392883,48.871986627578735,
California,RB,3,16512,0.8004575371742249,44.45154047012329,
California,OLS,4,16512,0.6103527545928955,0.13154220581054688,
California,RF,4,16512,0.8184909917648359,2.854388475418091,
California,FTT,4,16512,0.804800271987915,31.51214361190796,
California,RB,4,16512,0.8097550868988037,48.02081871032715,
Kin8nm,OLS,0,6553,0.4083491563796997,0.14724326133728027,
Kin8nm,RF,0,6553,0.6830337254531622,1.4837453365325928,
Kin8nm,FTT,0,6553,0.925189733505249,15.384508609771729,
Kin8nm,RB,0,6553,0.9328728914260864,38.20850658416748,
Kin8nm,OLS,1,6553,0.40422993898391724,0.11256766319274902,
Kin8nm,RF,1,6553,0.6884766679234489,1.3135240077972412,
Kin8nm,FTT,1,6553,0.9288068413734436,12.6622793674469,
Kin8nm,RB,1,6553,0.9335312843322754,21.13870906829834,
Kin8nm,OLS,2,6553,0.42690014839172363,0.1173849105834961,
Kin8nm,RF,2,6553,0.6975552732814199,4.005416631698608,
Kin8nm,FTT,2,6553,0.9237863421440125,14.510119199752808,
Kin8nm,RB,2,6553,0.9352676868438721,23.501213788986206,
Kin8nm,OLS,3,6553,0.4192218780517578,0.14956188201904297,
Kin8nm,RF,3,6553,0.6975321900593192,1.2478785514831543,
Kin8nm,FTT,3,6553,0.9230294227600098,16.185064554214478,
Kin8nm,RB,3,6553,0.9313327074050903,20.824973583221436,
Kin8nm,OLS,4,6553,0.3934793472290039,0.009596824645996094,
Kin8nm,RF,4,6553,0.6867258396140197,1.0100150108337402,
Kin8nm,FTT,4,6553,0.9186491370201111,36.244035482406616,
Kin8nm,RB,4,6553,0.9239106178283691,22.31384801864624,
Protein,OLS,0,36584,0.2702879309654236,0.08112215995788574,
Protein,RF,0,36584,0.6766311933987563,3.418227195739746,
Protein,FTT,0,36584,0.5806414484977722,54.094056129455566,
Protein,RB,0,36584,0.6138460636138916,88.93398332595825,
Protein,OLS,1,36584,0.2666007876396179,0.09457659721374512,
Protein,RF,1,36584,0.6747655484436879,3.5957272052764893,
Protein,FTT,1,36584,0.6086647510528564,87.704904794693,
Protein,RB,1,36584,0.5868133306503296,65.4284451007843,
Protein,OLS,2,36584,0.27105844020843506,0.08128190040588379,
Protein,RF,2,36584,0.6755537579805264,3.7525320053100586,
Protein,FTT,2,36584,0.624423086643219,101.43481779098511,
Protein,RB,2,36584,0.6166174411773682,91.55057835578918,
Protein,OLS,3,36584,0.2944881319999695,0.029825448989868164,
Protein,RF,3,36584,0.6907828095656972,3.2425456047058105,
Protein,FTT,3,36584,0.6513757705688477,126.71516513824463,
Protein,RB,3,36584,0.6249527931213379,103.23546981811523,
Protein,OLS,4,36584,0.27162790298461914,0.03684234619140625,
Protein,RF,4,36584,0.6745482084871002,5.6393983364105225,
Protein,FTT,4,36584,0.6206161975860596,77.28497648239136,
Protein,RB,4,36584,0.6236381530761719,124.55440378189087,
