kind,dgp,N,snr,error,Attn_mean,Attn_sd,wall_s
mc_legacy,linear,500,0.5,,0.20102585554122926,0.0771682691016368,20.60869860649109
mc_legacy,linear,500,1.0,,0.37485072016716003,0.12682233679444466,15.123817205429077
mc_legacy,linear,500,2.0,,0.5992983102798461,0.04399343484975924,20.58726143836975
mc_legacy,linear,500,3.0,,0.7213702142238617,0.03403194281175707,17.960296392440796
mc_legacy,linear,1000,0.5,,0.3020294368267059,0.02393759982121785,35.943326234817505
mc_legacy,linear,1000,1.0,,0.4697102189064026,0.02583936028217845,29.975256204605103
mc_legacy,linear,1000,2.0,,0.6467150688171387,0.019358999295213546,24.668210744857788
mc_legacy,linear,1000,3.0,,0.7246650397777558,0.01833007883122796,25.717770099639893
mc_legacy,linear,2500,0.5,,0.3226117968559265,0.017662053471466595,41.39918255805969
mc_legacy,linear,2500,1.0,,0.4850603103637695,0.02188785400801002,26.65201759338379
mc_legacy,linear,2500,2.0,,0.6600332617759704,0.01437721728128745,35.00929832458496
mc_legacy,linear,2500,3.0,,0.7481935560703278,0.018678772912731713,27.053765535354614
mc_legacy,linear,5000,0.5,,0.31945944428443906,0.01701985152198737,29.881098747253418
mc_legacy,linear,5000,1.0,,0.47752458453178404,0.02365442203013197,35.12293243408203
mc_legacy,linear,5000,2.0,,0.6627059996128082,0.021913698328564928,21.663360118865967
mc_legacy,linear,5000,3.0,,0.7495957255363465,0.01158773573508378,21.479912757873535
mc_legacy,friedman1,500,0.5,,0.20779578685760497,0.08103652909010747,17.358960390090942
mc_legacy,friedman1,500,1.0,,0.3634940624237061,0.028166029876818127,21.458971977233887
mc_legacy,friedman1,500,2.0,,0.5196124911308289,0.07354008318070107,24.446765899658203
mc_legacy,friedman1,500,3.0,,0.6163719594478607,0.03840465290876086,26.79687738418579
mc_legacy,friedman1,1000,0.5,,0.24214206337928773,0.034985071655015146,33.35816717147827
mc_legacy,friedman1,1000,1.0,,0.38390228152275085,0.04596960694936156,31.77205801010132
mc_legacy,friedman1,1000,2.0,,0.5605836987495423,0.048214013787290025,38.150291442871094
mc_legacy,friedman1,1000,3.0,,0.6133404850959778,0.034938301618248555,23.660099029541016
mc_legacy,friedman1,2500,0.5,,0.26059210300445557,0.014139021680473068,22.107848405838013
mc_legacy,friedman1,2500,1.0,,0.41630720496177676,0.0232768168092629,21.533416986465454
mc_legacy,friedman1,2500,2.0,,0.5557723641395569,0.029034876143618868,22.482619285583496
mc_legacy,friedman1,2500,3.0,,0.6361850619316101,0.017810605841713845,30.14371943473816
mc_legacy,friedman1,5000,0.5,,0.26633855104446413,0.011899972791532683,21.911630153656006
mc_legacy,friedman1,5000,1.0,,0.4069387257099152,0.02649760736842963,21.904695987701416
mc_legacy,friedman1,5000,2.0,,0.5598324656486511,0.026997843205206977,21.968639850616455
mc_legacy,friedman1,5000,3.0,,0.6408917009830475,0.023540301708850617,31.394046783447266
mc_legacy,friedman2,500,0.5,,0.12145091295242309,0.13404631468518294,6.258450984954834
mc_legacy,friedman2,500,1.0,,0.23736886978149413,0.2076493836269338,8.10102105140686
mc_legacy,friedman2,500,2.0,,0.5779715597629547,0.14872668492713548,14.116450548171997
mc_legacy,friedman2,500,3.0,,0.6405608892440796,0.17672519432082898,13.34300422668457
mc_legacy,friedman2,1000,0.5,,0.26948933601379393,0.07780030738987104,13.820556879043579
mc_legacy,friedman2,1000,1.0,,0.46966923475265504,0.02719361311769241,16.407312393188477
mc_legacy,friedman2,1000,2.0,,0.6363274276256561,0.021264102011897545,19.689635276794434
mc_legacy,friedman2,1000,3.0,,0.7211978435516357,0.017597404554222148,17.860392093658447
mc_legacy,friedman2,2500,0.5,,0.30124812126159667,0.01958723262736601,27.79020118713379
mc_legacy,friedman2,2500,1.0,,0.46780027747154235,0.029003316833736918,23.606128931045532
mc_legacy,friedman2,2500,2.0,,0.6423134565353393,0.020472969543066693,21.230305910110474
mc_legacy,friedman2,2500,3.0,,0.7279926657676696,0.01512138130508608,20.822136402130127
mc_legacy,friedman2,5000,0.5,,0.3066931486129761,0.023752157713355638,21.97664999961853
mc_legacy,friedman2,5000,1.0,,0.47938045859336853,0.01539768067923303,26.49186372756958
mc_legacy,friedman2,5000,2.0,,0.6552785575389862,0.011095378525740971,27.83804702758789
mc_legacy,friedman2,5000,3.0,,0.7281806349754334,0.017397757391389976,25.79569125175476
mc_legacy,friedman3,500,0.5,,0.2584195077419281,0.044630922758188474,9.769973039627075
mc_legacy,friedman3,500,1.0,,0.3717619597911835,0.06949621510679328,6.9716503620147705
mc_legacy,friedman3,500,2.0,,0.567700344324112,0.09363191723175474,13.090991020202637
mc_legacy,friedman3,500,3.0,,0.6697648406028748,0.08274911656056326,11.957900285720825
mc_legacy,friedman3,1000,0.5,,0.271085125207901,0.047339069879404325,13.743534326553345
mc_legacy,friedman3,1000,1.0,,0.4703096568584442,0.0239226198745602,16.867894411087036
mc_legacy,friedman3,1000,2.0,,0.6280052781105041,0.019995497240824476,26.551617860794067
mc_legacy,friedman3,1000,3.0,,0.7147488951683044,0.016144339034621133,27.284570455551147
mc_legacy,friedman3,2500,0.5,,0.31211577653884887,0.02869812895488445,20.109164237976074
mc_legacy,friedman3,2500,1.0,,0.49847184419631957,0.013762621265825097,22.75487518310547
mc_legacy,friedman3,2500,2.0,,0.6339693427085876,0.019496654228971604,21.71803331375122
mc_legacy,friedman3,2500,3.0,,0.7236716628074646,0.014966743929871396,25.2847101688385
mc_legacy,friedman3,5000,0.5,,0.3064486086368561,0.02846418721624054,26.854220151901245
mc_legacy,friedman3,5000,1.0,,0.46206100583076476,0.025091587014943583,28.697318077087402
mc_legacy,friedman3,5000,2.0,,0.6449990212917328,0.014664532682680935,22.92376971244812
mc_legacy,friedman3,5000,3.0,,0.7416481792926788,0.013782452648138235,23.27920889854431
mc_legacy,rotated_sine,500,0.5,,0.1727554738521576,0.10657387127779527,7.626350402832031
mc_legacy,rotated_sine,500,1.0,,0.3082989931106567,0.20198305719985296,8.07961368560791
mc_legacy,rotated_sine,500,2.0,,0.5246778428554535,0.20475745576444412,10.7639901638031
mc_legacy,rotated_sine,500,3.0,,0.5356280386447907,0.2666588587699942,10.257595539093018
mc_legacy,rotated_sine,1000,0.5,,0.2881278872489929,0.03242328103126677,20.490437269210815
mc_legacy,rotated_sine,1000,1.0,,0.4583970785140991,0.0309833614907337,14.361332416534424
mc_legacy,rotated_sine,1000,2.0,,0.6477283418178559,0.013780748268067343,14.580657482147217
mc_legacy,rotated_sine,1000,3.0,,0.7217488944530487,0.024048678357048114,15.48793911933899
mc_legacy,rotated_sine,2500,0.5,,0.3099611699581146,0.031205714431955488,26.520838975906372
mc_legacy,rotated_sine,2500,1.0,,0.47360901832580565,0.011595955227757518,23.773202657699585
mc_legacy,rotated_sine,2500,2.0,,0.6554301977157593,0.013659648594500987,24.938756942749023
mc_legacy,rotated_sine,2500,3.0,,0.7433320760726929,0.013764019112506435,20.575677156448364
mc_legacy,rotated_sine,5000,0.5,,0.3173490881919861,0.024688021242863904,23.638988494873047
mc_legacy,rotated_sine,5000,1.0,,0.480839866399765,0.025456864725388634,21.941112995147705
mc_legacy,rotated_sine,5000,2.0,,0.6574083387851715,0.017052266735130626,20.872727870941162
mc_legacy,rotated_sine,5000,3.0,,0.7406944394111633,0.014122105743622904,23.2867112159729
mc_legacy,soft_radial,500,0.5,,0.2751776039600372,0.039714980312167324,13.428458452224731
mc_legacy,soft_radial,500,1.0,,0.4182495713233948,0.04793859857815446,13.080607652664185
mc_legacy,soft_radial,500,2.0,,0.608469033241272,0.025282259860334926,12.419903039932251
mc_legacy,soft_radial,500,3.0,,0.6333424627780915,0.23181932056431725,16.62453031539917
mc_legacy,soft_radial,1000,0.5,,0.28098044395446775,0.043913252337744305,15.640759706497192
mc_legacy,soft_radial,1000,1.0,,0.4608626067638397,0.02128399867670629,22.74590563774109
mc_legacy,soft_radial,1000,2.0,,0.6189708232879638,0.018708190780034776,20.209717273712158
mc_legacy,soft_radial,1000,3.0,,0.7162911057472229,0.027796118389674856,21.881065607070923
mc_legacy,soft_radial,2500,0.5,,0.3071443200111389,0.031220218467269144,27.066369771957397
mc_legacy,soft_radial,2500,1.0,,0.47300947904586793,0.027371870547393998,24.660154104232788
mc_legacy,soft_radial,2500,2.0,,0.6424899280071259,0.022454609875871112,20.65561819076538
mc_legacy,soft_radial,2500,3.0,,0.7272701680660247,0.023077265013278104,37.30161714553833
mc_legacy,soft_radial,5000,0.5,,0.315777862071991,0.030362246282811645,23.184008598327637
mc_legacy,soft_radial,5000,1.0,,0.481889808177948,0.035434701072155884,36.0744845867157
mc_legacy,soft_radial,5000,2.0,,0.6455532252788544,0.023892838210950743,22.3559730052948
mc_legacy,soft_radial,5000,3.0,,0.7344126760959625,0.015552329905550206,38.80609393119812
