arm,P,ncomp,n_comp_used,evr,params,seed_idx,r2,wall_s,error
orig50,20,400,400,0.9999998211860657,43969,0,0.9175089597702026,80.1833004951477,
orig50,20,400,400,1.0000003576278687,43969,1,0.9050737619400024,83.7845311164856,
orig50,20,400,400,0.9999995827674866,43969,2,0.9071944355964661,83.4034731388092,
orig50,20,400,400,0.9999986886978149,43969,3,0.9117705821990967,83.92126393318176,
orig50,20,400,400,0.9999973773956299,43969,4,0.907167911529541,89.06319499015808,
orig50,20,800,800,0.9999995827674866,69569,0,0.9206200838088989,129.44395279884338,
orig50,20,800,800,1.000000238418579,69569,1,0.9074703454971313,132.82021379470825,
orig50,20,800,800,0.9999996423721313,69569,2,0.8987317681312561,133.39661836624146,
orig50,20,800,800,0.9999985098838806,69569,3,0.920663595199585,141.69709539413452,
orig50,20,800,800,0.9999976754188538,69569,4,0.9104745984077454,136.7113859653473,
orig50,50,400,400,0.9997978210449219,45889,0,0.6958378553390503,400.79192638397217,
orig50,50,400,400,0.999763548374176,45889,1,0.7170400619506836,444.40172481536865,
orig50,50,400,400,0.9998059868812561,45889,2,0.722882866859436,444.7349910736084,
orig50,50,400,400,0.9997987747192383,45889,3,0.6919467449188232,396.8736493587494,
orig50,50,400,400,0.9997618198394775,45889,4,0.684158205986023,411.91877126693726,
orig50,50,800,800,0.9999970197677612,71489,0,0.7358003854751587,604.6855342388153,
orig50,50,800,800,1.0000051259994507,71489,1,0.7557764649391174,580.4744651317596,
orig50,50,800,800,1.0000077486038208,71489,2,0.7424198389053345,559.6981661319733,
orig50,50,800,800,0.9999949932098389,71489,3,0.7321822047233582,571.1914503574371,
orig50,50,800,800,0.9999937415122986,71489,4,0.7064381837844849,565.4969778060913,
