kind,dataset,config,seed_idx,r2,params,wall_s,error
ws_ystd,California,softmax,0,0.7387829422950745,34177,14.080978870391846,
ws_ystd,California,softmax,1,0.7191485166549683,34177,15.306843996047974,
ws_ystd,California,softmax,2,0.7319429516792297,34177,12.021586179733276,
ws_ystd,California,softmax,3,0.7257068157196045,34177,25.555638551712036,
ws_ystd,California,softmax,4,0.7040303945541382,34177,14.385693550109863,
ws_ystd,California,rb_nowarm,0,0.7583938837051392,30401,25.032196044921875,
ws_ystd,California,rb_nowarm,1,0.7762385606765747,30401,25.991862058639526,
ws_ystd,California,rb_nowarm,2,0.7831382751464844,30401,35.57422733306885,
ws_ystd,California,rb_nowarm,3,0.7446607351303101,30401,33.60100865364075,
ws_ystd,California,rb_nowarm,4,0.7684192657470703,30401,11.567545413970947,
ws_ystd,California,rb_warm,0,0.7560288906097412,30401,11.51021695137024,
ws_ystd,California,rb_warm,1,0.7683811783790588,30401,22.93838620185852,
ws_ystd,California,rb_warm,2,0.7874146103858948,30401,16.889841556549072,
ws_ystd,California,rb_warm,3,0.7287693023681641,30401,20.89830446243286,
ws_ystd,California,rb_warm,4,0.774727463722229,30401,20.246458530426025,
ws_ystd,Yacht,softmax,0,-0.09353554248809814,34049,11.28820013999939,
ws_ystd,Yacht,softmax,1,0.9394490718841553,34049,0.4045090675354004,
ws_ystd,Yacht,softmax,2,0.026882171630859375,34049,0.07253384590148926,
ws_ystd,Yacht,softmax,3,0.98210209608078,34049,0.8992235660552979,
ws_ystd,Yacht,softmax,4,0.148423433303833,34049,0.13135075569152832,
ws_ystd,Yacht,rb_nowarm,0,0.9919787049293518,30273,1.299238681793213,
ws_ystd,Yacht,rb_nowarm,1,0.9888299703598022,30273,1.2115941047668457,
ws_ystd,Yacht,rb_nowarm,2,0.9899587631225586,30273,1.3964929580688477,
ws_ystd,Yacht,rb_nowarm,3,0.9912551641464233,30273,1.101271629333496,
ws_ystd,Yacht,rb_nowarm,4,0.9958246946334839,30273,9.470172643661499,
ws_ystd,Yacht,rb_warm,0,0.9937078356742859,30273,10.372476816177368,
ws_ystd,Yacht,rb_warm,1,0.9809568524360657,30273,1.2045300006866455,
ws_ystd,Yacht,rb_warm,2,0.9930099844932556,30273,1.4511620998382568,
ws_ystd,Yacht,rb_warm,3,0.9908125400543213,30273,0.9680404663085938,
ws_ystd,Yacht,rb_warm,4,0.9976128339767456,30273,1.4856631755828857,
ws_ystd,Energy,softmax,0,0.9184324741363525,34177,0.8944418430328369,
ws_ystd,Energy,softmax,1,0.9322324395179749,34177,1.1829721927642822,
ws_ystd,Energy,softmax,2,0.935455322265625,34177,1.9708008766174316,
ws_ystd,Energy,softmax,3,0.8898558020591736,34177,0.7990906238555908,
ws_ystd,Energy,softmax,4,0.9443668127059937,34177,1.3605663776397705,
ws_ystd,Energy,rb_nowarm,0,0.9953180551528931,30401,5.129591226577759,
ws_ystd,Energy,rb_nowarm,1,0.9904652237892151,30401,4.481252193450928,
ws_ystd,Energy,rb_nowarm,2,0.9943137168884277,30401,4.378584146499634,
ws_ystd,Energy,rb_nowarm,3,0.9951673746109009,30401,4.770797252655029,
ws_ystd,Energy,rb_nowarm,4,0.9923248887062073,30401,4.898909330368042,
ws_ystd,Energy,rb_warm,0,0.9951437711715698,30401,4.078134775161743,
ws_ystd,Energy,rb_warm,1,0.995608389377594,30401,12.60643982887268,
ws_ystd,Energy,rb_warm,2,0.9958152174949646,30401,5.146638631820679,
ws_ystd,Energy,rb_warm,3,0.9966527819633484,30401,5.484663009643555,
ws_ystd,Energy,rb_warm,4,0.9888761043548584,30401,2.9056358337402344,
ws_ystd,Concrete,softmax,0,0.8434778451919556,34177,12.269674301147461,
ws_ystd,Concrete,softmax,1,0.8657776117324829,34177,3.788764238357544,
ws_ystd,Concrete,softmax,2,0.8592449426651001,34177,2.4727370738983154,
ws_ystd,Concrete,softmax,3,0.8312618732452393,34177,2.212736129760742,
ws_ystd,Concrete,softmax,4,0.8310682773590088,34177,2.0892174243927,
ws_ystd,Concrete,rb_nowarm,0,0.8837023377418518,30401,5.1461451053619385,
ws_ystd,Concrete,rb_nowarm,1,0.8944759368896484,30401,3.3775243759155273,
ws_ystd,Concrete,rb_nowarm,2,0.9229072332382202,30401,4.25621485710144,
ws_ystd,Concrete,rb_nowarm,3,0.9017463326454163,30401,3.923290252685547,
ws_ystd,Concrete,rb_nowarm,4,0.9098330140113831,30401,4.88261079788208,
ws_ystd,Concrete,rb_warm,0,0.8920062184333801,30401,4.926960468292236,
ws_ystd,Concrete,rb_warm,1,0.9119272232055664,30401,3.7416138648986816,
ws_ystd,Concrete,rb_warm,2,0.9146970510482788,30401,3.682823419570923,
ws_ystd,Concrete,rb_warm,3,0.9050191044807434,30401,4.684100866317749,
ws_ystd,Concrete,rb_warm,4,0.9097748398780823,30401,4.480911493301392,
ws_ystd,Airfoil,softmax,0,0.8961419463157654,33985,2.616663694381714,
ws_ystd,Airfoil,softmax,1,0.8888684511184692,33985,3.5275967121124268,
ws_ystd,Airfoil,softmax,2,0.8742880821228027,33985,3.8645389080047607,
ws_ystd,Airfoil,softmax,3,0.824926495552063,33985,8.203453779220581,
ws_ystd,Airfoil,softmax,4,0.8580390214920044,33985,9.781712532043457,
ws_ystd,Airfoil,rb_nowarm,0,0.9543285965919495,30209,4.706255197525024,
ws_ystd,Airfoil,rb_nowarm,1,0.9349215626716614,30209,4.469016790390015,
ws_ystd,Airfoil,rb_nowarm,2,0.9475562572479248,30209,6.081214904785156,
ws_ystd,Airfoil,rb_nowarm,3,0.890109658241272,30209,4.186650276184082,
ws_ystd,Airfoil,rb_nowarm,4,0.9332291483879089,30209,5.129987955093384,
ws_ystd,Airfoil,rb_warm,0,0.9520367980003357,30209,3.8071415424346924,
ws_ystd,Airfoil,rb_warm,1,0.948905348777771,30209,13.036432981491089,
ws_ystd,Airfoil,rb_warm,2,0.9406692981719971,30209,5.008534908294678,
ws_ystd,Airfoil,rb_warm,3,0.8940718173980713,30209,2.8175435066223145,
ws_ystd,Airfoil,rb_warm,4,0.9322942495346069,30209,3.8703854084014893,
ws_ystd,Abalone,softmax,0,0.33839672803878784,34113,4.124172687530518,
ws_ystd,Abalone,softmax,1,0.35562610626220703,34113,3.7129549980163574,
ws_ystd,Abalone,softmax,2,0.3211921453475952,34113,11.886924505233765,
ws_ystd,Abalone,softmax,3,0.3374822735786438,34113,2.66420841217041,
ws_ystd,Abalone,softmax,4,0.3108813762664795,34113,1.8422677516937256,
ws_ystd,Abalone,rb_nowarm,0,0.32950180768966675,30337,6.619740009307861,
ws_ystd,Abalone,rb_nowarm,1,0.3481263518333435,30337,7.57243800163269,
ws_ystd,Abalone,rb_nowarm,2,0.3225143551826477,30337,10.658697366714478,
ws_ystd,Abalone,rb_nowarm,3,0.33836281299591064,30337,9.79689908027649,
ws_ystd,Abalone,rb_nowarm,4,0.32679134607315063,30337,16.5105619430542,
ws_ystd,Abalone,rb_warm,0,0.32192814350128174,30337,10.301142930984497,
ws_ystd,Abalone,rb_warm,1,0.35074013471603394,30337,6.700205326080322,
ws_ystd,Abalone,rb_warm,2,0.32188940048217773,30337,9.966474056243896,
ws_ystd,Abalone,rb_warm,3,0.341865599155426,30337,7.171471118927002,
ws_ystd,Abalone,rb_warm,4,0.3203311562538147,30337,7.692135572433472,
ws_ystd,Kin8nm,softmax,0,0.8504869937896729,34177,11.419708490371704,
ws_ystd,Kin8nm,softmax,1,0.878998339176178,34177,14.669080972671509,
ws_ystd,Kin8nm,softmax,2,0.8556004762649536,34177,10.06401515007019,
ws_ystd,Kin8nm,softmax,3,0.7786901593208313,34177,16.54622793197632,
ws_ystd,Kin8nm,softmax,4,0.8594761490821838,34177,10.142536401748657,
ws_ystd,Kin8nm,rb_nowarm,0,0.9117902517318726,30401,17.778966426849365,
ws_ystd,Kin8nm,rb_nowarm,1,0.9193923473358154,30401,16.955692768096924,
ws_ystd,Kin8nm,rb_nowarm,2,0.9171331524848938,30401,19.71203303337097,
ws_ystd,Kin8nm,rb_nowarm,3,0.9256949424743652,30401,17.143099308013916,
ws_ystd,Kin8nm,rb_nowarm,4,0.9190475940704346,30401,14.184329509735107,
ws_ystd,Kin8nm,rb_warm,0,0.9147735834121704,30401,23.72616720199585,
ws_ystd,Kin8nm,rb_warm,1,0.9199919700622559,30401,17.72705864906311,
ws_ystd,Kin8nm,rb_warm,2,0.9143861532211304,30401,20.775657653808594,
ws_ystd,Kin8nm,rb_warm,3,0.9173682928085327,30401,17.51598882675171,
ws_ystd,Kin8nm,rb_warm,4,0.9230842590332031,30401,16.199889183044434,
ws_ystd,Protein,softmax,0,0.36340993642807007,34241,6.071835517883301,
ws_ystd,Protein,softmax,1,0.30077803134918213,34241,5.834791898727417,
ws_ystd,Protein,softmax,2,0.3633580803871155,34241,7.8958659172058105,
ws_ystd,Protein,softmax,3,0.36078059673309326,34241,8.058290243148804,
ws_ystd,Protein,softmax,4,0.34630894660949707,34241,4.110402822494507,
ws_ystd,Protein,rb_nowarm,0,0.467395544052124,30465,22.437026262283325,
ws_ystd,Protein,rb_nowarm,1,0.45405876636505127,30465,33.477030515670776,
ws_ystd,Protein,rb_nowarm,2,0.40652698278427124,30465,18.9328830242157,
ws_ystd,Protein,rb_nowarm,3,0.45263469219207764,30465,26.465507984161377,
ws_ystd,Protein,rb_nowarm,4,0.4423837661743164,30465,21.03258180618286,
ws_ystd,Protein,rb_warm,0,0.4806089401245117,30465,22.186227560043335,
ws_ystd,Protein,rb_warm,1,0.4539509415626526,30465,37.53554320335388,
ws_ystd,Protein,rb_warm,2,0.4189509153366089,30465,22.712941884994507,
ws_ystd,Protein,rb_warm,3,0.44094419479370117,30465,19.296362161636353,
ws_ystd,Protein,rb_warm,4,0.4485950469970703,30465,22.11158776283264,
