dataset,model,variant,seed_idx,r2,params,diverged,version,wall_s,error
California,FTT,ffn,0,0.7545344233512878,101697,False,v4-noffn-ftt,6.264658212661743,
California,FTT,ffn,1,0.784538984298706,101697,False,v4-noffn-ftt,11.643578052520752,
California,FTT,ffn,2,0.7768895626068115,101697,False,v4-noffn-ftt,20.55445623397827,
California,FTT,ffn,3,0.7501927018165588,101697,False,v4-noffn-ftt,11.062046766281128,
California,FTT,ffn,4,0.7840360999107361,101697,False,v4-noffn-ftt,12.116556644439697,
California,FTT,noffn,0,0.7571356892585754,51585,False,v4-noffn-ftt,10.343557596206665,
California,FTT,noffn,1,0.7804961204528809,51585,False,v4-noffn-ftt,15.77916955947876,
California,FTT,noffn,2,0.7878151535987854,51585,False,v4-noffn-ftt,15.594831466674805,
California,FTT,noffn,3,0.7466440200805664,51585,False,v4-noffn-ftt,14.7553551197052,
California,FTT,noffn,4,0.7743978500366211,51585,False,v4-noffn-ftt,7.468628644943237,
Yacht,FTT,ffn,0,0.9955122470855713,101441,False,v4-noffn-ftt,6.419597625732422,
Yacht,FTT,ffn,1,0.9962263107299805,101441,False,v4-noffn-ftt,5.974341154098511,
Yacht,FTT,ffn,2,0.9631665945053101,101441,False,v4-noffn-ftt,8.93802261352539,
Yacht,FTT,ffn,3,0.9566320776939392,101441,False,v4-noffn-ftt,6.418069839477539,
Yacht,FTT,ffn,4,0.9819678068161011,101441,False,v4-noffn-ftt,6.7943055629730225,
Yacht,FTT,noffn,0,0.9886283874511719,51329,False,v4-noffn-ftt,9.32862138748169,
Yacht,FTT,noffn,1,0.9939396977424622,51329,False,v4-noffn-ftt,7.019873857498169,
Yacht,FTT,noffn,2,0.9873389005661011,51329,False,v4-noffn-ftt,0.7613568305969238,
Yacht,FTT,noffn,3,0.9750284552574158,51329,False,v4-noffn-ftt,0.4965953826904297,
Yacht,FTT,noffn,4,0.9929986596107483,51329,False,v4-noffn-ftt,5.982385873794556,
Energy,FTT,ffn,0,0.9856667518615723,101697,False,v4-noffn-ftt,8.083943367004395,
Energy,FTT,ffn,1,0.9730523228645325,101697,False,v4-noffn-ftt,1.560180425643921,
Energy,FTT,ffn,2,0.9934432506561279,101697,False,v4-noffn-ftt,3.3134677410125732,
Energy,FTT,ffn,3,0.9943082332611084,101697,False,v4-noffn-ftt,2.7978744506835938,
Energy,FTT,ffn,4,0.9954351186752319,101697,False,v4-noffn-ftt,4.076847076416016,
Energy,FTT,noffn,0,0.9949405789375305,51585,False,v4-noffn-ftt,7.3209686279296875,
Energy,FTT,noffn,1,0.9921244978904724,51585,False,v4-noffn-ftt,2.469287157058716,
Energy,FTT,noffn,2,0.9929089546203613,51585,False,v4-noffn-ftt,6.699429512023926,
Energy,FTT,noffn,3,0.9946657419204712,51585,False,v4-noffn-ftt,2.266936779022217,
Energy,FTT,noffn,4,0.995498776435852,51585,False,v4-noffn-ftt,2.5851008892059326,
Concrete,FTT,ffn,0,0.8683676719665527,101697,False,v4-noffn-ftt,8.812638759613037,
Concrete,FTT,ffn,1,0.8653643727302551,101697,False,v4-noffn-ftt,6.748669147491455,
Concrete,FTT,ffn,2,0.9256287813186646,101697,False,v4-noffn-ftt,3.3909058570861816,
Concrete,FTT,ffn,3,0.8974093198776245,101697,False,v4-noffn-ftt,2.9901604652404785,
Concrete,FTT,ffn,4,0.8966019153594971,101697,False,v4-noffn-ftt,7.17104434967041,
Concrete,FTT,noffn,0,0.8886983394622803,51585,False,v4-noffn-ftt,8.774147033691406,
Concrete,FTT,noffn,1,0.8791609406471252,51585,False,v4-noffn-ftt,1.9654762744903564,
Concrete,FTT,noffn,2,0.9246826171875,51585,False,v4-noffn-ftt,3.4359283447265625,
Concrete,FTT,noffn,3,0.8988441228866577,51585,False,v4-noffn-ftt,1.861917495727539,
Concrete,FTT,noffn,4,0.8973323702812195,51585,False,v4-noffn-ftt,9.2540602684021,
Airfoil,FTT,ffn,0,0.9564881324768066,101313,False,v4-noffn-ftt,6.813920259475708,
Airfoil,FTT,ffn,1,0.9309940338134766,101313,False,v4-noffn-ftt,3.4792799949645996,
Airfoil,FTT,ffn,2,0.9263806343078613,101313,False,v4-noffn-ftt,3.799560070037842,
Airfoil,FTT,ffn,3,0.9151972532272339,101313,False,v4-noffn-ftt,3.931028127670288,
Airfoil,FTT,ffn,4,0.9153251051902771,101313,False,v4-noffn-ftt,10.417083024978638,
Airfoil,FTT,noffn,0,0.9286001920700073,51201,False,v4-noffn-ftt,2.498725175857544,
Airfoil,FTT,noffn,1,0.9406908750534058,51201,False,v4-noffn-ftt,13.387489080429077,
Airfoil,FTT,noffn,2,0.9376566410064697,51201,False,v4-noffn-ftt,6.180488348007202,
Airfoil,FTT,noffn,3,0.9006803631782532,51201,False,v4-noffn-ftt,2.7618651390075684,
Airfoil,FTT,noffn,4,0.9124401211738586,51201,False,v4-noffn-ftt,8.845914125442505,
Abalone,FTT,ffn,0,0.30899447202682495,101569,False,v4-noffn-ftt,3.941411256790161,
Abalone,FTT,ffn,1,0.3593633770942688,101569,False,v4-noffn-ftt,5.140974283218384,
Abalone,FTT,ffn,2,0.31223762035369873,101569,False,v4-noffn-ftt,7.198885679244995,
Abalone,FTT,ffn,3,0.32792967557907104,101569,False,v4-noffn-ftt,6.807504177093506,
Abalone,FTT,ffn,4,0.3049492835998535,101569,False,v4-noffn-ftt,5.026053428649902,
Abalone,FTT,noffn,0,0.3093132972717285,51457,False,v4-noffn-ftt,3.1614694595336914,
Abalone,FTT,noffn,1,0.3437846302986145,51457,False,v4-noffn-ftt,7.665212869644165,
Abalone,FTT,noffn,2,0.313501238822937,51457,False,v4-noffn-ftt,4.325693607330322,
Abalone,FTT,noffn,3,0.3258548974990845,51457,False,v4-noffn-ftt,6.213106393814087,
Abalone,FTT,noffn,4,0.31760120391845703,51457,False,v4-noffn-ftt,5.862048387527466,
Kin8nm,FTT,ffn,0,0.9159049987792969,101697,False,v4-noffn-ftt,15.399051666259766,
Kin8nm,FTT,ffn,1,0.9201014041900635,101697,False,v4-noffn-ftt,8.435814619064331,
Kin8nm,FTT,ffn,2,0.9073358774185181,101697,False,v4-noffn-ftt,20.8146653175354,
Kin8nm,FTT,ffn,3,0.9174651503562927,101697,False,v4-noffn-ftt,11.44523811340332,
Kin8nm,FTT,ffn,4,0.9167802929878235,101697,False,v4-noffn-ftt,13.33047080039978,
Kin8nm,FTT,noffn,0,0.8907356858253479,51585,False,v4-noffn-ftt,11.448427438735962,
Kin8nm,FTT,noffn,1,0.9049614667892456,51585,False,v4-noffn-ftt,10.883037567138672,
Kin8nm,FTT,noffn,2,0.8984777927398682,51585,False,v4-noffn-ftt,6.697998046875,
Kin8nm,FTT,noffn,3,0.912139356136322,51585,False,v4-noffn-ftt,15.198191404342651,
Kin8nm,FTT,noffn,4,0.9059687256813049,51585,False,v4-noffn-ftt,8.974605798721313,
Protein,FTT,ffn,0,0.47637277841567993,101825,False,v4-noffn-ftt,12.269219160079956,
Protein,FTT,ffn,1,0.41435277462005615,101825,False,v4-noffn-ftt,9.51150393486023,
Protein,FTT,ffn,2,0.4198189377784729,101825,False,v4-noffn-ftt,10.043804407119751,
Protein,FTT,ffn,3,0.41576510667800903,101825,False,v4-noffn-ftt,9.08844256401062,
Protein,FTT,ffn,4,0.43742281198501587,101825,False,v4-noffn-ftt,10.04006838798523,
Protein,FTT,noffn,0,0.4882166385650635,51713,False,v4-noffn-ftt,15.371326923370361,
Protein,FTT,noffn,1,0.39580708742141724,51713,False,v4-noffn-ftt,18.754985332489014,
Protein,FTT,noffn,2,0.4328277111053467,51713,False,v4-noffn-ftt,17.79590940475464,
Protein,FTT,noffn,3,0.4561137557029724,51713,False,v4-noffn-ftt,13.05345106124878,
Protein,FTT,noffn,4,0.42361980676651,51713,False,v4-noffn-ftt,9.34755253791809,
