kind,dataset,variant,tokenizer,readout,activation,n_layers,seed_idx,r2,params,wall_s,error
faithful,California,cur_L1,shared,mean,relu,1,0,0.75499427318573,30529,20.028759002685547,
faithful,California,cur_L1,shared,mean,relu,1,1,0.7683486342430115,30529,23.81078290939331,
faithful,California,cur_L1,shared,mean,relu,1,2,0.7878600358963013,30529,24.283851861953735,
faithful,California,cur_L1,shared,mean,relu,1,3,0.7350574135780334,30529,28.868757963180542,
faithful,California,cur_L1,shared,mean,relu,1,4,0.7754642963409424,30529,18.140835762023926,
faithful,California,gelu_L1,shared,mean,gelu,1,0,0.7586265802383423,30529,32.092822790145874,
faithful,California,gelu_L1,shared,mean,gelu,1,1,0.7725633978843689,30529,20.071414947509766,
faithful,California,gelu_L1,shared,mean,gelu,1,2,0.7841622829437256,30529,27.296408653259277,
faithful,California,gelu_L1,shared,mean,gelu,1,3,0.742579460144043,30529,20.354547262191772,
faithful,California,gelu_L1,shared,mean,gelu,1,4,0.7743738889694214,30529,23.38229537010193,
faithful,California,cls_L1,shared,cls,relu,1,0,0.7603148221969604,30593,25.473480939865112,
faithful,California,cls_L1,shared,cls,relu,1,1,0.7828732132911682,30593,31.389403581619263,
faithful,California,cls_L1,shared,cls,relu,1,2,0.7854740619659424,30593,22.532880544662476,
faithful,California,cls_L1,shared,cls,relu,1,3,0.7477030754089355,30593,38.20646119117737,
faithful,California,cls_L1,shared,cls,relu,1,4,0.7765147686004639,30593,30.46638774871826,
faithful,California,pertok_L1,per_feature,mean,relu,1,0,0.7578679919242859,31425,29.078588008880615,
faithful,California,pertok_L1,per_feature,mean,relu,1,1,0.7775352001190186,31425,22.18099308013916,
faithful,California,pertok_L1,per_feature,mean,relu,1,2,0.7896432280540466,31425,20.985191106796265,
faithful,California,pertok_L1,per_feature,mean,relu,1,3,0.7463111281394958,31425,22.778688669204712,
faithful,California,pertok_L1,per_feature,mean,relu,1,4,0.7770049571990967,31425,20.177590131759644,
faithful,California,faith_L1,per_feature,cls,gelu,1,0,0.7557495832443237,31489,31.456581830978394,
faithful,California,faith_L1,per_feature,cls,gelu,1,1,0.7771743535995483,31489,22.832107067108154,
faithful,California,faith_L1,per_feature,cls,gelu,1,2,0.7850545644760132,31489,28.71811580657959,
faithful,California,faith_L1,per_feature,cls,gelu,1,3,0.7404375076293945,31489,28.67565155029297,
faithful,California,faith_L1,per_feature,cls,gelu,1,4,0.7760288715362549,31489,28.276583909988403,
faithful,California,faith_L2,per_feature,cls,gelu,2,0,0.7429604530334473,61185,36.115673780441284,
faithful,California,faith_L2,per_feature,cls,gelu,2,1,0.7673152685165405,61185,38.56203556060791,
faithful,California,faith_L2,per_feature,cls,gelu,2,2,0.7803343534469604,61185,40.665584564208984,
faithful,California,faith_L2,per_feature,cls,gelu,2,3,0.7326453328132629,61185,45.63086557388306,
faithful,California,faith_L2,per_feature,cls,gelu,2,4,0.765123724937439,61185,43.347386837005615,
faithful,California,faith_L3,per_feature,cls,gelu,3,0,0.7408074140548706,90881,49.232736349105835,
faithful,California,faith_L3,per_feature,cls,gelu,3,1,0.7538095116615295,90881,49.43819212913513,
faithful,California,faith_L3,per_feature,cls,gelu,3,2,0.7704461812973022,90881,52.5365424156189,
faithful,California,faith_L3,per_feature,cls,gelu,3,3,0.719261884689331,90881,47.66406202316284,
faithful,California,faith_L3,per_feature,cls,gelu,3,4,0.7422142624855042,90881,48.8246214389801,
faithful,California,cur_L3,shared,mean,relu,3,0,0.7291958332061768,89921,56.397849559783936,
faithful,California,cur_L3,shared,mean,relu,3,1,0.7595449686050415,89921,39.447420597076416,
faithful,California,cur_L3,shared,mean,relu,3,2,0.7755605578422546,89921,42.773619174957275,
faithful,California,cur_L3,shared,mean,relu,3,3,0.6800668239593506,89921,46.07743525505066,
faithful,California,cur_L3,shared,mean,relu,3,4,0.7331362366676331,89921,36.805872678756714,
faithful,Yacht,cur_L1,shared,mean,relu,1,0,0.9911401271820068,30401,14.770184516906738,
faithful,Yacht,cur_L1,shared,mean,relu,1,1,0.9763942956924438,30401,7.992543935775757,
faithful,Yacht,cur_L1,shared,mean,relu,1,2,0.9939367771148682,30401,7.545969724655151,
faithful,Yacht,cur_L1,shared,mean,relu,1,3,0.9896367788314819,30401,12.975468635559082,
faithful,Yacht,cur_L1,shared,mean,relu,1,4,0.996195912361145,30401,8.147465229034424,
faithful,Yacht,gelu_L1,shared,mean,gelu,1,0,0.9924662113189697,30401,1.5665488243103027,
faithful,Yacht,gelu_L1,shared,mean,gelu,1,1,0.9755361080169678,30401,1.0257375240325928,
faithful,Yacht,gelu_L1,shared,mean,gelu,1,2,0.9893537759780884,30401,1.282569408416748,
faithful,Yacht,gelu_L1,shared,mean,gelu,1,3,0.9864662289619446,30401,14.187188863754272,
faithful,Yacht,gelu_L1,shared,mean,gelu,1,4,0.9959424734115601,30401,7.217357397079468,
faithful,Yacht,cls_L1,shared,cls,relu,1,0,0.9857853651046753,30465,1.7613661289215088,
faithful,Yacht,cls_L1,shared,cls,relu,1,1,0.9801135659217834,30465,1.1089584827423096,
faithful,Yacht,cls_L1,shared,cls,relu,1,2,0.9850802421569824,30465,15.773586511611938,
faithful,Yacht,cls_L1,shared,cls,relu,1,3,0.9806520342826843,30465,0.9886605739593506,
faithful,Yacht,cls_L1,shared,cls,relu,1,4,0.9958786964416504,30465,1.3878240585327148,
faithful,Yacht,pertok_L1,per_feature,mean,relu,1,0,0.9937663078308105,31041,1.5512080192565918,
faithful,Yacht,pertok_L1,per_feature,mean,relu,1,1,0.978117823600769,31041,1.4998533725738525,
faithful,Yacht,pertok_L1,per_feature,mean,relu,1,2,0.9881872534751892,31041,1.1459426879882812,
faithful,Yacht,pertok_L1,per_feature,mean,relu,1,3,0.9934902787208557,31041,1.5276618003845215,
faithful,Yacht,pertok_L1,per_feature,mean,relu,1,4,0.9961185455322266,31041,1.1604082584381104,
faithful,Yacht,faith_L1,per_feature,cls,gelu,1,0,0.9860237836837769,31105,1.4070980548858643,
faithful,Yacht,faith_L1,per_feature,cls,gelu,1,1,0.9765737056732178,31105,1.692755937576294,
faithful,Yacht,faith_L1,per_feature,cls,gelu,1,2,0.9865331053733826,31105,1.0335345268249512,
faithful,Yacht,faith_L1,per_feature,cls,gelu,1,3,0.9807320237159729,31105,1.062143325805664,
faithful,Yacht,faith_L1,per_feature,cls,gelu,1,4,0.9961910247802734,31105,1.3421189785003662,
faithful,Yacht,faith_L2,per_feature,cls,gelu,2,0,0.9769471883773804,60801,17.875163555145264,
faithful,Yacht,faith_L2,per_feature,cls,gelu,2,1,0.9785259366035461,60801,1.946089267730713,
faithful,Yacht,faith_L2,per_feature,cls,gelu,2,2,0.9850220680236816,60801,1.4968466758728027,
faithful,Yacht,faith_L2,per_feature,cls,gelu,2,3,0.9924148321151733,60801,2.45389986038208,
faithful,Yacht,faith_L2,per_feature,cls,gelu,2,4,0.9874724745750427,60801,1.6094894409179688,
faithful,Yacht,faith_L3,per_feature,cls,gelu,3,0,0.9594757556915283,90497,2.8465018272399902,
faithful,Yacht,faith_L3,per_feature,cls,gelu,3,1,0.9527463912963867,90497,1.9249722957611084,
faithful,Yacht,faith_L3,per_feature,cls,gelu,3,2,0.9510113000869751,90497,2.0265042781829834,
faithful,Yacht,faith_L3,per_feature,cls,gelu,3,3,0.9543880224227905,90497,1.694610357284546,
faithful,Yacht,faith_L3,per_feature,cls,gelu,3,4,0.9847436547279358,90497,2.3396666049957275,
faithful,Yacht,cur_L3,shared,mean,relu,3,0,0.9684127569198608,89793,1.4746131896972656,
faithful,Yacht,cur_L3,shared,mean,relu,3,1,0.9526129961013794,89793,2.765231132507324,
faithful,Yacht,cur_L3,shared,mean,relu,3,2,0.9741795063018799,89793,2.145071268081665,
faithful,Yacht,cur_L3,shared,mean,relu,3,3,0.9756093621253967,89793,1.4520206451416016,
faithful,Yacht,cur_L3,shared,mean,relu,3,4,0.9690418839454651,89793,1.3658168315887451,
faithful,Energy,cur_L1,shared,mean,relu,1,0,0.9952449798583984,30529,3.999652624130249,
faithful,Energy,cur_L1,shared,mean,relu,1,1,0.9936420917510986,30529,3.298037052154541,
faithful,Energy,cur_L1,shared,mean,relu,1,2,0.996008038520813,30529,4.982137441635132,
faithful,Energy,cur_L1,shared,mean,relu,1,3,0.9958032965660095,30529,4.117755651473999,
faithful,Energy,cur_L1,shared,mean,relu,1,4,0.9880285859107971,30529,2.899243116378784,
faithful,Energy,gelu_L1,shared,mean,gelu,1,0,0.990283727645874,30529,2.6178112030029297,
faithful,Energy,gelu_L1,shared,mean,gelu,1,1,0.9931065440177917,30529,5.759726047515869,
faithful,Energy,gelu_L1,shared,mean,gelu,1,2,0.994429349899292,30529,6.4933061599731445,
faithful,Energy,gelu_L1,shared,mean,gelu,1,3,0.9959789514541626,30529,4.422190189361572,
faithful,Energy,gelu_L1,shared,mean,gelu,1,4,0.9877304434776306,30529,2.9985122680664062,
faithful,Energy,cls_L1,shared,cls,relu,1,0,0.9924695491790771,30593,5.011476039886475,
faithful,Energy,cls_L1,shared,cls,relu,1,1,0.990803062915802,30593,3.9436895847320557,
faithful,Energy,cls_L1,shared,cls,relu,1,2,0.9921068549156189,30593,4.558043003082275,
faithful,Energy,cls_L1,shared,cls,relu,1,3,0.9951256513595581,30593,5.547466516494751,
faithful,Energy,cls_L1,shared,cls,relu,1,4,0.9953548312187195,30593,6.349613189697266,
faithful,Energy,pertok_L1,per_feature,mean,relu,1,0,0.9941135048866272,31425,4.806900262832642,
faithful,Energy,pertok_L1,per_feature,mean,relu,1,1,0.9888482093811035,31425,2.924048900604248,
faithful,Energy,pertok_L1,per_feature,mean,relu,1,2,0.9903488159179688,31425,4.079234838485718,
faithful,Energy,pertok_L1,per_feature,mean,relu,1,3,0.9950075149536133,31425,4.784184694290161,
faithful,Energy,pertok_L1,per_feature,mean,relu,1,4,0.9944351315498352,31425,4.561434507369995,
faithful,Energy,faith_L1,per_feature,cls,gelu,1,0,0.9951611757278442,31489,6.262613534927368,
faithful,Energy,faith_L1,per_feature,cls,gelu,1,1,0.9930498003959656,31489,5.256565093994141,
faithful,Energy,faith_L1,per_feature,cls,gelu,1,2,0.994901180267334,31489,7.243533372879028,
faithful,Energy,faith_L1,per_feature,cls,gelu,1,3,0.9936493039131165,31489,5.002582550048828,
faithful,Energy,faith_L1,per_feature,cls,gelu,1,4,0.9907028079032898,31489,5.655822992324829,
faithful,Energy,faith_L2,per_feature,cls,gelu,2,0,0.995398759841919,61185,8.02029800415039,
faithful,Energy,faith_L2,per_feature,cls,gelu,2,1,0.9922448992729187,61185,9.118753433227539,
faithful,Energy,faith_L2,per_feature,cls,gelu,2,2,0.9940547943115234,61185,7.8656325340271,
faithful,Energy,faith_L2,per_feature,cls,gelu,2,3,0.9936367273330688,61185,7.93644905090332,
faithful,Energy,faith_L2,per_feature,cls,gelu,2,4,0.9888800382614136,61185,6.915516376495361,
faithful,Energy,faith_L3,per_feature,cls,gelu,3,0,0.9926620125770569,90881,12.470056772232056,
faithful,Energy,faith_L3,per_feature,cls,gelu,3,1,0.9938227534294128,90881,15.993155479431152,
faithful,Energy,faith_L3,per_feature,cls,gelu,3,2,0.9921903610229492,90881,9.703279495239258,
faithful,Energy,faith_L3,per_feature,cls,gelu,3,3,0.9914826154708862,90881,11.553295612335205,
faithful,Energy,faith_L3,per_feature,cls,gelu,3,4,0.9906867146492004,90881,13.402631998062134,
faithful,Energy,cur_L3,shared,mean,relu,3,0,0.9926928877830505,89921,9.035706758499146,
faithful,Energy,cur_L3,shared,mean,relu,3,1,0.9927432537078857,89921,11.709138870239258,
faithful,Energy,cur_L3,shared,mean,relu,3,2,0.9893130660057068,89921,9.296469926834106,
faithful,Energy,cur_L3,shared,mean,relu,3,3,0.9936138987541199,89921,10.033109903335571,
faithful,Energy,cur_L3,shared,mean,relu,3,4,0.9886303544044495,89921,10.584197044372559,
faithful,Concrete,cur_L1,shared,mean,relu,1,0,0.8906519412994385,30529,4.892212152481079,
faithful,Concrete,cur_L1,shared,mean,relu,1,1,0.9146327376365662,30529,3.5718977451324463,
faithful,Concrete,cur_L1,shared,mean,relu,1,2,0.9160608053207397,30529,3.641942262649536,
faithful,Concrete,cur_L1,shared,mean,relu,1,3,0.9118608236312866,30529,4.708866596221924,
faithful,Concrete,cur_L1,shared,mean,relu,1,4,0.9103620052337646,30529,5.519556283950806,
faithful,Concrete,gelu_L1,shared,mean,gelu,1,0,0.880638062953949,30529,3.558685064315796,
faithful,Concrete,gelu_L1,shared,mean,gelu,1,1,0.9059176445007324,30529,4.62800931930542,
faithful,Concrete,gelu_L1,shared,mean,gelu,1,2,0.9178029894828796,30529,3.748908758163452,
faithful,Concrete,gelu_L1,shared,mean,gelu,1,3,0.908356249332428,30529,4.097868204116821,
faithful,Concrete,gelu_L1,shared,mean,gelu,1,4,0.9010831117630005,30529,4.959630727767944,
faithful,Concrete,cls_L1,shared,cls,relu,1,0,0.900716245174408,30593,5.255451679229736,
faithful,Concrete,cls_L1,shared,cls,relu,1,1,0.9046964049339294,30593,4.548047304153442,
faithful,Concrete,cls_L1,shared,cls,relu,1,2,0.9242315292358398,30593,5.150649547576904,
faithful,Concrete,cls_L1,shared,cls,relu,1,3,0.9073391556739807,30593,6.397510766983032,
faithful,Concrete,cls_L1,shared,cls,relu,1,4,0.9151647686958313,30593,6.624946594238281,
faithful,Concrete,pertok_L1,per_feature,mean,relu,1,0,0.8907099962234497,31425,4.472678899765015,
faithful,Concrete,pertok_L1,per_feature,mean,relu,1,1,0.9029250144958496,31425,3.673992872238159,
faithful,Concrete,pertok_L1,per_feature,mean,relu,1,2,0.9201920628547668,31425,4.7557830810546875,
faithful,Concrete,pertok_L1,per_feature,mean,relu,1,3,0.9045706391334534,31425,4.392126083374023,
faithful,Concrete,pertok_L1,per_feature,mean,relu,1,4,0.913176417350769,31425,5.349829912185669,
faithful,Concrete,faith_L1,per_feature,cls,gelu,1,0,0.9006586074829102,31489,8.16610860824585,
faithful,Concrete,faith_L1,per_feature,cls,gelu,1,1,0.9041657447814941,31489,5.530569314956665,
faithful,Concrete,faith_L1,per_feature,cls,gelu,1,2,0.9111207723617554,31489,4.212197542190552,
faithful,Concrete,faith_L1,per_feature,cls,gelu,1,3,0.9080641865730286,31489,5.317313194274902,
faithful,Concrete,faith_L1,per_feature,cls,gelu,1,4,0.907629132270813,31489,8.138248205184937,
faithful,Concrete,faith_L2,per_feature,cls,gelu,2,0,0.8918478488922119,61185,10.726465225219727,
faithful,Concrete,faith_L2,per_feature,cls,gelu,2,1,0.8924998044967651,61185,6.708501100540161,
faithful,Concrete,faith_L2,per_feature,cls,gelu,2,2,0.902351438999176,61185,8.118759155273438,
faithful,Concrete,faith_L2,per_feature,cls,gelu,2,3,0.9014272093772888,61185,10.546964645385742,
faithful,Concrete,faith_L2,per_feature,cls,gelu,2,4,0.9045292139053345,61185,7.992838621139526,
faithful,Concrete,faith_L3,per_feature,cls,gelu,3,0,0.8876891136169434,90881,10.348703861236572,
faithful,Concrete,faith_L3,per_feature,cls,gelu,3,1,0.8665028810501099,90881,9.001963138580322,
faithful,Concrete,faith_L3,per_feature,cls,gelu,3,2,0.8893552422523499,90881,13.19462776184082,
faithful,Concrete,faith_L3,per_feature,cls,gelu,3,3,0.8922768235206604,90881,9.393491506576538,
faithful,Concrete,faith_L3,per_feature,cls,gelu,3,4,0.910747766494751,90881,11.756139755249023,
faithful,Concrete,cur_L3,shared,mean,relu,3,0,0.8696371912956238,89921,7.795277118682861,
faithful,Concrete,cur_L3,shared,mean,relu,3,1,0.8795000910758972,89921,8.321206092834473,
faithful,Concrete,cur_L3,shared,mean,relu,3,2,0.9056763648986816,89921,7.184397459030151,
faithful,Concrete,cur_L3,shared,mean,relu,3,3,0.8954431414604187,89921,8.31300973892212,
faithful,Concrete,cur_L3,shared,mean,relu,3,4,0.8909699320793152,89921,10.88866138458252,
faithful,Airfoil,cur_L1,shared,mean,relu,1,0,0.9454227685928345,30337,4.084491014480591,
faithful,Airfoil,cur_L1,shared,mean,relu,1,1,0.9366535544395447,30337,4.250769376754761,
faithful,Airfoil,cur_L1,shared,mean,relu,1,2,0.934449315071106,30337,3.393435001373291,
faithful,Airfoil,cur_L1,shared,mean,relu,1,3,0.8950061798095703,30337,2.379192590713501,
faithful,Airfoil,cur_L1,shared,mean,relu,1,4,0.9310120344161987,30337,4.816532373428345,
faithful,Airfoil,gelu_L1,shared,mean,gelu,1,0,0.9499630331993103,30337,4.810828685760498,
faithful,Airfoil,gelu_L1,shared,mean,gelu,1,1,0.9535256624221802,30337,5.422837257385254,
faithful,Airfoil,gelu_L1,shared,mean,gelu,1,2,0.9416123032569885,30337,5.802721261978149,
faithful,Airfoil,gelu_L1,shared,mean,gelu,1,3,0.8929691910743713,30337,2.8633687496185303,
faithful,Airfoil,gelu_L1,shared,mean,gelu,1,4,0.9257175922393799,30337,6.518244981765747,
faithful,Airfoil,cls_L1,shared,cls,relu,1,0,0.9478442072868347,30401,4.60224986076355,
faithful,Airfoil,cls_L1,shared,cls,relu,1,1,0.9375346302986145,30401,5.900544881820679,
faithful,Airfoil,cls_L1,shared,cls,relu,1,2,0.9283984899520874,30401,3.8714942932128906,
faithful,Airfoil,cls_L1,shared,cls,relu,1,3,0.8641253709793091,30401,2.154245138168335,
faithful,Airfoil,cls_L1,shared,cls,relu,1,4,0.9343661665916443,30401,5.625498056411743,
faithful,Airfoil,pertok_L1,per_feature,mean,relu,1,0,0.9497499465942383,30849,4.839054107666016,
faithful,Airfoil,pertok_L1,per_feature,mean,relu,1,1,0.929431140422821,30849,3.86362361907959,
faithful,Airfoil,pertok_L1,per_feature,mean,relu,1,2,0.9437599778175354,30849,6.097163677215576,
faithful,Airfoil,pertok_L1,per_feature,mean,relu,1,3,0.9034562706947327,30849,4.504739761352539,
faithful,Airfoil,pertok_L1,per_feature,mean,relu,1,4,0.9321790933609009,30849,4.404106378555298,
faithful,Airfoil,faith_L1,per_feature,cls,gelu,1,0,0.9415464997291565,30913,5.724260568618774,
faithful,Airfoil,faith_L1,per_feature,cls,gelu,1,1,0.9191734194755554,30913,5.317575454711914,
faithful,Airfoil,faith_L1,per_feature,cls,gelu,1,2,0.9368833899497986,30913,5.772787809371948,
faithful,Airfoil,faith_L1,per_feature,cls,gelu,1,3,0.87126624584198,30913,3.197235584259033,
faithful,Airfoil,faith_L1,per_feature,cls,gelu,1,4,0.9310325980186462,30913,6.01141881942749,
faithful,Airfoil,faith_L2,per_feature,cls,gelu,2,0,0.9626243114471436,60609,12.315648794174194,
faithful,Airfoil,faith_L2,per_feature,cls,gelu,2,1,0.930018424987793,60609,7.202597141265869,
faithful,Airfoil,faith_L2,per_feature,cls,gelu,2,2,0.9484320282936096,60609,9.626638650894165,
faithful,Airfoil,faith_L2,per_feature,cls,gelu,2,3,0.8498151302337646,60609,4.373078346252441,
faithful,Airfoil,faith_L2,per_feature,cls,gelu,2,4,0.9477053880691528,60609,9.101139307022095,
faithful,Airfoil,faith_L3,per_feature,cls,gelu,3,0,0.9618740081787109,90305,8.953835248947144,
faithful,Airfoil,faith_L3,per_feature,cls,gelu,3,1,0.9606915712356567,90305,13.019264936447144,
faithful,Airfoil,faith_L3,per_feature,cls,gelu,3,2,0.9535889625549316,90305,8.045847177505493,
faithful,Airfoil,faith_L3,per_feature,cls,gelu,3,3,0.8734009861946106,90305,4.8965606689453125,
faithful,Airfoil,faith_L3,per_feature,cls,gelu,3,4,0.9435882568359375,90305,5.8246166706085205,
faithful,Airfoil,cur_L3,shared,mean,relu,3,0,0.9564830660820007,89729,6.414945125579834,
faithful,Airfoil,cur_L3,shared,mean,relu,3,1,0.9597561955451965,89729,6.870793581008911,
faithful,Airfoil,cur_L3,shared,mean,relu,3,2,0.9609417915344238,89729,5.778878688812256,
faithful,Airfoil,cur_L3,shared,mean,relu,3,3,0.8449047207832336,89729,2.8710124492645264,
faithful,Airfoil,cur_L3,shared,mean,relu,3,4,0.9439384937286377,89729,5.728990316390991,
faithful,Abalone,cur_L1,shared,mean,relu,1,0,0.32173025608062744,30465,8.757850885391235,
faithful,Abalone,cur_L1,shared,mean,relu,1,1,0.3503667712211609,30465,7.114145994186401,
faithful,Abalone,cur_L1,shared,mean,relu,1,2,0.3220939636230469,30465,9.584699153900146,
faithful,Abalone,cur_L1,shared,mean,relu,1,3,0.34203940629959106,30465,6.556116819381714,
faithful,Abalone,cur_L1,shared,mean,relu,1,4,0.3197961449623108,30465,9.58813762664795,
faithful,Abalone,gelu_L1,shared,mean,gelu,1,0,0.3204796314239502,30465,6.826523542404175,
faithful,Abalone,gelu_L1,shared,mean,gelu,1,1,0.3496719002723694,30465,10.518162250518799,
faithful,Abalone,gelu_L1,shared,mean,gelu,1,2,0.3277967572212219,30465,7.003320932388306,
faithful,Abalone,gelu_L1,shared,mean,gelu,1,3,0.3379130959510803,30465,7.354852914810181,
faithful,Abalone,gelu_L1,shared,mean,gelu,1,4,0.3145858645439148,30465,6.392410755157471,
faithful,Abalone,cls_L1,shared,cls,relu,1,0,0.31693392992019653,30529,9.376458168029785,
faithful,Abalone,cls_L1,shared,cls,relu,1,1,0.33941787481307983,30529,14.498390674591064,
faithful,Abalone,cls_L1,shared,cls,relu,1,2,0.333656907081604,30529,10.299619436264038,
faithful,Abalone,cls_L1,shared,cls,relu,1,3,0.3411758542060852,30529,16.96810293197632,
faithful,Abalone,cls_L1,shared,cls,relu,1,4,0.3186710476875305,30529,10.312689304351807,
faithful,Abalone,pertok_L1,per_feature,mean,relu,1,0,0.323763906955719,31233,6.804527997970581,
faithful,Abalone,pertok_L1,per_feature,mean,relu,1,1,0.35005682706832886,31233,14.627611875534058,
faithful,Abalone,pertok_L1,per_feature,mean,relu,1,2,0.33482009172439575,31233,7.745645523071289,
faithful,Abalone,pertok_L1,per_feature,mean,relu,1,3,0.34555160999298096,31233,7.5100908279418945,
faithful,Abalone,pertok_L1,per_feature,mean,relu,1,4,0.32544440031051636,31233,11.884884357452393,
faithful,Abalone,faith_L1,per_feature,cls,gelu,1,0,0.32723408937454224,31297,11.719789266586304,
faithful,Abalone,faith_L1,per_feature,cls,gelu,1,1,0.3519078493118286,31297,15.843169689178467,
faithful,Abalone,faith_L1,per_feature,cls,gelu,1,2,0.33097267150878906,31297,14.385818719863892,
faithful,Abalone,faith_L1,per_feature,cls,gelu,1,3,0.3360220193862915,31297,11.33847165107727,
faithful,Abalone,faith_L1,per_feature,cls,gelu,1,4,0.31711965799331665,31297,13.14968466758728,
faithful,Abalone,faith_L2,per_feature,cls,gelu,2,0,0.3197981119155884,60993,20.114686965942383,
faithful,Abalone,faith_L2,per_feature,cls,gelu,2,1,0.35323625802993774,60993,19.365490198135376,
faithful,Abalone,faith_L2,per_feature,cls,gelu,2,2,0.31170791387557983,60993,21.570287227630615,
faithful,Abalone,faith_L2,per_feature,cls,gelu,2,3,0.3277686834335327,60993,18.009324073791504,
faithful,Abalone,faith_L2,per_feature,cls,gelu,2,4,0.30658048391342163,60993,23.134528875350952,
faithful,Abalone,faith_L3,per_feature,cls,gelu,3,0,0.313806414604187,90689,24.544294118881226,
faithful,Abalone,faith_L3,per_feature,cls,gelu,3,1,0.3270930051803589,90689,27.249754905700684,
faithful,Abalone,faith_L3,per_feature,cls,gelu,3,2,0.33649057149887085,90689,25.35298490524292,
faithful,Abalone,faith_L3,per_feature,cls,gelu,3,3,0.3033619523048401,90689,26.043112993240356,
faithful,Abalone,faith_L3,per_feature,cls,gelu,3,4,0.3158273696899414,90689,24.828150749206543,
faithful,Abalone,cur_L3,shared,mean,relu,3,0,0.3097141981124878,89857,16.237950086593628,
faithful,Abalone,cur_L3,shared,mean,relu,3,1,0.3269563317298889,89857,17.6267991065979,
faithful,Abalone,cur_L3,shared,mean,relu,3,2,0.28626805543899536,89857,15.870183944702148,
faithful,Abalone,cur_L3,shared,mean,relu,3,3,0.3155621886253357,89857,14.161471128463745,
faithful,Abalone,cur_L3,shared,mean,relu,3,4,0.310671329498291,89857,17.226773977279663,
faithful,Kin8nm,cur_L1,shared,mean,relu,1,0,0.9140391945838928,30529,16.82353377342224,
faithful,Kin8nm,cur_L1,shared,mean,relu,1,1,0.9209190011024475,30529,14.124037742614746,
faithful,Kin8nm,cur_L1,shared,mean,relu,1,2,0.9161877036094666,30529,20.466265439987183,
faithful,Kin8nm,cur_L1,shared,mean,relu,1,3,0.9182257056236267,30529,15.40108060836792,
faithful,Kin8nm,cur_L1,shared,mean,relu,1,4,0.9247035980224609,30529,15.709671258926392,
faithful,Kin8nm,gelu_L1,shared,mean,gelu,1,0,0.9187982082366943,30529,14.207821369171143,
faithful,Kin8nm,gelu_L1,shared,mean,gelu,1,1,0.921005129814148,30529,15.31967306137085,
faithful,Kin8nm,gelu_L1,shared,mean,gelu,1,2,0.9238722920417786,30529,22.193930864334106,
faithful,Kin8nm,gelu_L1,shared,mean,gelu,1,3,0.9217665195465088,30529,15.96393609046936,
faithful,Kin8nm,gelu_L1,shared,mean,gelu,1,4,0.9255470633506775,30529,15.120572805404663,
faithful,Kin8nm,cls_L1,shared,cls,relu,1,0,0.9196534156799316,30593,18.901777505874634,
faithful,Kin8nm,cls_L1,shared,cls,relu,1,1,0.9253339171409607,30593,23.22667121887207,
faithful,Kin8nm,cls_L1,shared,cls,relu,1,2,0.9199100136756897,30593,21.55227303504944,
faithful,Kin8nm,cls_L1,shared,cls,relu,1,3,0.9259365797042847,30593,23.075746536254883,
faithful,Kin8nm,cls_L1,shared,cls,relu,1,4,0.9222424030303955,30593,20.23093032836914,
faithful,Kin8nm,pertok_L1,per_feature,mean,relu,1,0,0.9163869619369507,31425,16.614596843719482,
faithful,Kin8nm,pertok_L1,per_feature,mean,relu,1,1,0.9212297201156616,31425,13.594641923904419,
faithful,Kin8nm,pertok_L1,per_feature,mean,relu,1,2,0.9230332970619202,31425,17.049102783203125,
faithful,Kin8nm,pertok_L1,per_feature,mean,relu,1,3,0.9225500226020813,31425,20.338414669036865,
faithful,Kin8nm,pertok_L1,per_feature,mean,relu,1,4,0.9263194799423218,31425,20.06761384010315,
faithful,Kin8nm,faith_L1,per_feature,cls,gelu,1,0,0.9204755425453186,31489,21.617727279663086,
faithful,Kin8nm,faith_L1,per_feature,cls,gelu,1,1,0.923883855342865,31489,17.692449808120728,
faithful,Kin8nm,faith_L1,per_feature,cls,gelu,1,2,0.9239200353622437,31489,27.371920824050903,
faithful,Kin8nm,faith_L1,per_feature,cls,gelu,1,3,0.9255098104476929,31489,21.42235803604126,
faithful,Kin8nm,faith_L1,per_feature,cls,gelu,1,4,0.9248342514038086,31489,21.567660570144653,
faithful,Kin8nm,faith_L2,per_feature,cls,gelu,2,0,0.9185473322868347,61185,32.67093324661255,
faithful,Kin8nm,faith_L2,per_feature,cls,gelu,2,1,0.9137458801269531,61185,33.40257287025452,
faithful,Kin8nm,faith_L2,per_feature,cls,gelu,2,2,0.9120124578475952,61185,30.376439809799194,
faithful,Kin8nm,faith_L2,per_feature,cls,gelu,2,3,0.9230189919471741,61185,30.447293281555176,
faithful,Kin8nm,faith_L2,per_feature,cls,gelu,2,4,0.9199877977371216,61185,37.09711170196533,
faithful,Kin8nm,faith_L3,per_feature,cls,gelu,3,0,0.888293981552124,90881,46.921523571014404,
faithful,Kin8nm,faith_L3,per_feature,cls,gelu,3,1,0.9011899828910828,90881,59.039464473724365,
faithful,Kin8nm,faith_L3,per_feature,cls,gelu,3,2,0.8854430913925171,90881,39.468894243240356,
faithful,Kin8nm,faith_L3,per_feature,cls,gelu,3,3,0.8918946385383606,90881,53.563918113708496,
faithful,Kin8nm,faith_L3,per_feature,cls,gelu,3,4,0.8935059905052185,90881,42.68887233734131,
faithful,Kin8nm,cur_L3,shared,mean,relu,3,0,0.8834143877029419,89921,35.79753112792969,
faithful,Kin8nm,cur_L3,shared,mean,relu,3,1,0.8881754875183105,89921,34.86393332481384,
faithful,Kin8nm,cur_L3,shared,mean,relu,3,2,0.8799804449081421,89921,36.240357398986816,
faithful,Kin8nm,cur_L3,shared,mean,relu,3,3,0.8934823870658875,89921,38.988173484802246,
faithful,Kin8nm,cur_L3,shared,mean,relu,3,4,0.8803889751434326,89921,37.34357690811157,
faithful,Protein,cur_L1,shared,mean,relu,1,0,0.47293388843536377,30593,22.573983430862427,
faithful,Protein,cur_L1,shared,mean,relu,1,1,0.45017701387405396,30593,24.842236757278442,
faithful,Protein,cur_L1,shared,mean,relu,1,2,0.4252486228942871,30593,18.4105007648468,
faithful,Protein,cur_L1,shared,mean,relu,1,3,0.4678828716278076,30593,29.659709930419922,
faithful,Protein,cur_L1,shared,mean,relu,1,4,0.44365358352661133,30593,21.070500373840332,
faithful,Protein,gelu_L1,shared,mean,gelu,1,0,0.4385563135147095,30593,27.8764328956604,
faithful,Protein,gelu_L1,shared,mean,gelu,1,1,0.45118850469589233,30593,25.081365823745728,
faithful,Protein,gelu_L1,shared,mean,gelu,1,2,0.40168851613998413,30593,15.91229510307312,
faithful,Protein,gelu_L1,shared,mean,gelu,1,3,0.4250909090042114,30593,21.47360324859619,
faithful,Protein,gelu_L1,shared,mean,gelu,1,4,0.43166983127593994,30593,22.519448280334473,
faithful,Protein,cls_L1,shared,cls,relu,1,0,0.46802520751953125,30657,31.328223705291748,
faithful,Protein,cls_L1,shared,cls,relu,1,1,0.4768526554107666,30657,33.201180934906006,
faithful,Protein,cls_L1,shared,cls,relu,1,2,0.4203508496284485,30657,20.14473843574524,
faithful,Protein,cls_L1,shared,cls,relu,1,3,0.4418982267379761,30657,28.612297773361206,
faithful,Protein,cls_L1,shared,cls,relu,1,4,0.47937333583831787,30657,28.257930994033813,
faithful,Protein,pertok_L1,per_feature,mean,relu,1,0,0.4745105504989624,31617,35.651859521865845,
faithful,Protein,pertok_L1,per_feature,mean,relu,1,1,0.43901437520980835,31617,21.525959730148315,
faithful,Protein,pertok_L1,per_feature,mean,relu,1,2,0.4005427956581116,31617,15.247915029525757,
faithful,Protein,pertok_L1,per_feature,mean,relu,1,3,0.4619184136390686,31617,19.919549226760864,
faithful,Protein,pertok_L1,per_feature,mean,relu,1,4,0.4302455186843872,31617,25.75865364074707,
faithful,Protein,faith_L1,per_feature,cls,gelu,1,0,0.44891536235809326,31681,40.846636056900024,
faithful,Protein,faith_L1,per_feature,cls,gelu,1,1,0.4430946111679077,31681,34.853172063827515,
faithful,Protein,faith_L1,per_feature,cls,gelu,1,2,0.3946569561958313,31681,20.694982290267944,
faithful,Protein,faith_L1,per_feature,cls,gelu,1,3,0.4591575264930725,31681,29.428585052490234,
faithful,Protein,faith_L1,per_feature,cls,gelu,1,4,0.4586108326911926,31681,32.6545033454895,
faithful,Protein,faith_L2,per_feature,cls,gelu,2,0,0.4549075961112976,61377,35.13962364196777,
faithful,Protein,faith_L2,per_feature,cls,gelu,2,1,0.42606687545776367,61377,42.72775220870972,
faithful,Protein,faith_L2,per_feature,cls,gelu,2,2,0.43028897047042847,61377,39.44554901123047,
faithful,Protein,faith_L2,per_feature,cls,gelu,2,3,0.4672964811325073,61377,55.6604540348053,
faithful,Protein,faith_L2,per_feature,cls,gelu,2,4,0.47726184129714966,61377,50.224119424819946,
faithful,Protein,faith_L3,per_feature,cls,gelu,3,0,0.4766470193862915,91073,64.29282665252686,
faithful,Protein,faith_L3,per_feature,cls,gelu,3,1,0.4416191577911377,91073,53.436158180236816,
faithful,Protein,faith_L3,per_feature,cls,gelu,3,2,0.4563226103782654,91073,52.299538135528564,
faithful,Protein,faith_L3,per_feature,cls,gelu,3,3,0.46348369121551514,91073,59.24617528915405,
faithful,Protein,faith_L3,per_feature,cls,gelu,3,4,0.45788735151290894,91073,59.24475836753845,
faithful,Protein,cur_L3,shared,mean,relu,3,0,0.4757522940635681,89985,46.21284770965576,
faithful,Protein,cur_L3,shared,mean,relu,3,1,0.453779935836792,89985,41.70438838005066,
faithful,Protein,cur_L3,shared,mean,relu,3,2,0.47083520889282227,89985,38.48872661590576,
faithful,Protein,cur_L3,shared,mean,relu,3,3,0.47491228580474854,89985,40.460540771484375,
faithful,Protein,cur_L3,shared,mean,relu,3,4,0.43099039793014526,89985,46.705079078674316,
