dataset,variant,seed_idx,r2,code_version,rezero,w_init_scale,diverged,wall_s,error
California,ln_reference,0,0.7584013938903809,v3-rezero,False,1.0,False,17.79907250404358,
California,ln_reference,1,0.7815690636634827,v3-rezero,False,1.0,False,18.693142890930176,
California,ln_reference,2,0.7884097099304199,v3-rezero,False,1.0,False,16.778040409088135,
California,ln_reference,3,0.7360310554504395,v3-rezero,False,1.0,False,22.739669799804688,
California,ln_reference,4,0.764718234539032,v3-rezero,False,1.0,False,24.936830520629883,
California,noln_base,0,0.7393773794174194,v3-rezero,False,1.0,False,15.916818380355835,
California,noln_base,1,-0.27816128730773926,v3-rezero,False,1.0,False,14.498866558074951,
California,noln_base,2,0.7332223653793335,v3-rezero,False,1.0,False,18.038472652435303,
California,noln_base,3,-0.10942363739013672,v3-rezero,False,1.0,False,21.537730932235718,
California,noln_base,4,-0.05569636821746826,v3-rezero,False,1.0,False,20.229333639144897,
California,noln_rezero,0,0.7198065519332886,v3-rezero,True,1.0,False,23.953263759613037,
California,noln_rezero,1,0.4100340008735657,v3-rezero,True,1.0,False,14.938391208648682,
California,noln_rezero,2,0.7437506318092346,v3-rezero,True,1.0,False,24.68732476234436,
California,noln_rezero,3,-0.15632247924804688,v3-rezero,True,1.0,False,27.949711084365845,
California,noln_rezero,4,0.5592917203903198,v3-rezero,True,1.0,False,26.24300193786621,
California,noln_smallw,0,0.6980478763580322,v3-rezero,False,0.1,False,15.58084750175476,
California,noln_smallw,1,0.6662510633468628,v3-rezero,False,0.1,False,16.847306728363037,
California,noln_smallw,2,0.755760669708252,v3-rezero,False,0.1,False,18.66090440750122,
California,noln_smallw,3,-16.655902862548828,v3-rezero,False,0.1,False,21.27848243713379,
California,noln_smallw,4,0.002423107624053955,v3-rezero,False,0.1,False,20.652300119400024,
Yacht,ln_reference,0,0.9907224178314209,v3-rezero,False,1.0,False,6.236308813095093,
Yacht,ln_reference,1,0.9771669507026672,v3-rezero,False,1.0,False,8.763448715209961,
Yacht,ln_reference,2,0.9869263172149658,v3-rezero,False,1.0,False,5.66850471496582,
Yacht,ln_reference,3,0.9932758212089539,v3-rezero,False,1.0,False,7.736118316650391,
Yacht,ln_reference,4,0.9958721995353699,v3-rezero,False,1.0,False,5.884631872177124,
Yacht,noln_base,0,0.9905067086219788,v3-rezero,False,1.0,False,6.258662700653076,
Yacht,noln_base,1,0.9943779706954956,v3-rezero,False,1.0,False,1.1169695854187012,
Yacht,noln_base,2,0.9930372834205627,v3-rezero,False,1.0,False,7.230612754821777,
Yacht,noln_base,3,0.9945275187492371,v3-rezero,False,1.0,False,7.002869367599487,
Yacht,noln_base,4,0.7250796556472778,v3-rezero,False,1.0,False,0.40230655670166016,
Yacht,noln_rezero,0,-0.07474994659423828,v3-rezero,True,1.0,False,5.069842338562012,
Yacht,noln_rezero,1,0.997090756893158,v3-rezero,True,1.0,False,2.884035348892212,
Yacht,noln_rezero,2,0.9955217242240906,v3-rezero,True,1.0,False,7.9461729526519775,
Yacht,noln_rezero,3,0.995166540145874,v3-rezero,True,1.0,False,2.3229782581329346,
Yacht,noln_rezero,4,0.1229291558265686,v3-rezero,True,1.0,False,5.415675401687622,
Yacht,noln_smallw,0,0.8044353723526001,v3-rezero,False,0.1,False,0.32913923263549805,
Yacht,noln_smallw,1,0.9251565933227539,v3-rezero,False,0.1,False,0.48192501068115234,
Yacht,noln_smallw,2,0.9938413500785828,v3-rezero,False,0.1,False,1.0997390747070312,
Yacht,noln_smallw,3,0.9941026568412781,v3-rezero,False,0.1,False,1.0597715377807617,
Yacht,noln_smallw,4,0.719984769821167,v3-rezero,False,0.1,False,0.3428163528442383,
Energy,ln_reference,0,0.9937910437583923,v3-rezero,False,1.0,False,3.6124680042266846,
Energy,ln_reference,1,0.9960424304008484,v3-rezero,False,1.0,False,4.737767934799194,
Energy,ln_reference,2,0.9957981705665588,v3-rezero,False,1.0,False,4.430110216140747,
Energy,ln_reference,3,0.993681013584137,v3-rezero,False,1.0,False,3.2033815383911133,
Energy,ln_reference,4,0.9938340783119202,v3-rezero,False,1.0,False,9.326494932174683,
Energy,noln_base,0,0.9931573867797852,v3-rezero,False,1.0,False,3.4835410118103027,
Energy,noln_base,1,0.9953254461288452,v3-rezero,False,1.0,False,8.958503723144531,
Energy,noln_base,2,0.9956055879592896,v3-rezero,False,1.0,False,4.203022718429565,
Energy,noln_base,3,0.9954136610031128,v3-rezero,False,1.0,False,3.5289242267608643,
Energy,noln_base,4,0.9948346018791199,v3-rezero,False,1.0,False,4.031890392303467,
Energy,noln_rezero,0,0.9371356964111328,v3-rezero,True,1.0,False,8.175121545791626,
Energy,noln_rezero,1,0.936266303062439,v3-rezero,True,1.0,False,3.2640721797943115,
Energy,noln_rezero,2,0.9449013471603394,v3-rezero,True,1.0,False,2.5259807109832764,
Energy,noln_rezero,3,0.9270679950714111,v3-rezero,True,1.0,False,2.874866247177124,
Energy,noln_rezero,4,0.9365915656089783,v3-rezero,True,1.0,False,8.61528730392456,
Energy,noln_smallw,0,0.9967489242553711,v3-rezero,False,0.1,False,4.3452370166778564,
Energy,noln_smallw,1,0.9965571165084839,v3-rezero,False,0.1,False,4.4220685958862305,
Energy,noln_smallw,2,0.9957838654518127,v3-rezero,False,0.1,False,4.030163049697876,
Energy,noln_smallw,3,0.9959562420845032,v3-rezero,False,0.1,False,3.813520908355713,
Energy,noln_smallw,4,0.9963194131851196,v3-rezero,False,0.1,False,5.414500951766968,
Concrete,ln_reference,0,0.9022289514541626,v3-rezero,False,1.0,False,6.485147476196289,
Concrete,ln_reference,1,0.9023140072822571,v3-rezero,False,1.0,False,3.4108028411865234,
Concrete,ln_reference,2,0.9085074663162231,v3-rezero,False,1.0,False,3.770920515060425,
Concrete,ln_reference,3,0.9034128189086914,v3-rezero,False,1.0,False,4.310111999511719,
Concrete,ln_reference,4,0.9164015650749207,v3-rezero,False,1.0,False,5.593230724334717,
Concrete,noln_base,0,0.8801569938659668,v3-rezero,False,1.0,False,5.445634841918945,
Concrete,noln_base,1,0.8875475525856018,v3-rezero,False,1.0,False,4.006300926208496,
Concrete,noln_base,2,0.9190599918365479,v3-rezero,False,1.0,False,3.703000783920288,
Concrete,noln_base,3,0.8998796343803406,v3-rezero,False,1.0,False,3.8789103031158447,
Concrete,noln_base,4,0.9080743789672852,v3-rezero,False,1.0,False,3.8096096515655518,
Concrete,noln_rezero,0,0.7732254862785339,v3-rezero,True,1.0,False,3.760308265686035,
Concrete,noln_rezero,1,0.8767423033714294,v3-rezero,True,1.0,False,10.95021653175354,
Concrete,noln_rezero,2,0.9193544983863831,v3-rezero,True,1.0,False,8.737038850784302,
Concrete,noln_rezero,3,0.8860538005828857,v3-rezero,True,1.0,False,9.371527433395386,
Concrete,noln_rezero,4,0.8734868168830872,v3-rezero,True,1.0,False,9.987289905548096,
Concrete,noln_smallw,0,0.8686681985855103,v3-rezero,False,0.1,False,3.657649517059326,
Concrete,noln_smallw,1,0.908811092376709,v3-rezero,False,0.1,False,10.839401721954346,
Concrete,noln_smallw,2,0.9075215458869934,v3-rezero,False,0.1,False,4.888582468032837,
Concrete,noln_smallw,3,0.9005680680274963,v3-rezero,False,0.1,False,4.496842384338379,
Concrete,noln_smallw,4,0.908858597278595,v3-rezero,False,0.1,False,6.117508172988892,
Airfoil,ln_reference,0,0.9537919759750366,v3-rezero,False,1.0,False,5.049318075180054,
Airfoil,ln_reference,1,0.9484957456588745,v3-rezero,False,1.0,False,4.244158744812012,
Airfoil,ln_reference,2,0.9465004801750183,v3-rezero,False,1.0,False,4.259598731994629,
Airfoil,ln_reference,3,0.8611994981765747,v3-rezero,False,1.0,False,1.789872169494629,
Airfoil,ln_reference,4,0.9330581426620483,v3-rezero,False,1.0,False,3.4090991020202637,
Airfoil,noln_base,0,0.9464591145515442,v3-rezero,False,1.0,False,3.7628843784332275,
Airfoil,noln_base,1,0.9349808096885681,v3-rezero,False,1.0,False,3.4688005447387695,
Airfoil,noln_base,2,0.9231120347976685,v3-rezero,False,1.0,False,3.2330667972564697,
Airfoil,noln_base,3,0.8947011828422546,v3-rezero,False,1.0,False,3.1042940616607666,
Airfoil,noln_base,4,0.9253242015838623,v3-rezero,False,1.0,False,3.476685047149658,
Airfoil,noln_rezero,0,0.9201894998550415,v3-rezero,True,1.0,False,8.053475141525269,
Airfoil,noln_rezero,1,0.9016525149345398,v3-rezero,True,1.0,False,7.677503347396851,
Airfoil,noln_rezero,2,0.6258869171142578,v3-rezero,True,1.0,False,6.53917932510376,
Airfoil,noln_rezero,3,0.8693972826004028,v3-rezero,True,1.0,False,10.851479768753052,
Airfoil,noln_rezero,4,0.9013375043869019,v3-rezero,True,1.0,False,7.048911809921265,
Airfoil,noln_smallw,0,0.947586715221405,v3-rezero,False,0.1,False,4.849178075790405,
Airfoil,noln_smallw,1,0.9224002361297607,v3-rezero,False,0.1,False,3.4503984451293945,
Airfoil,noln_smallw,2,0.9329166412353516,v3-rezero,False,0.1,False,7.808032512664795,
Airfoil,noln_smallw,3,0.891546905040741,v3-rezero,False,0.1,False,2.937307596206665,
Airfoil,noln_smallw,4,0.8958804607391357,v3-rezero,False,0.1,False,2.546964406967163,
Abalone,ln_reference,0,0.32365334033966064,v3-rezero,False,1.0,False,7.215054273605347,
Abalone,ln_reference,1,0.3410077691078186,v3-rezero,False,1.0,False,8.798393487930298,
Abalone,ln_reference,2,0.3189222812652588,v3-rezero,False,1.0,False,4.600371837615967,
Abalone,ln_reference,3,0.3370503783226013,v3-rezero,False,1.0,False,6.6385416984558105,
Abalone,ln_reference,4,0.3263013958930969,v3-rezero,False,1.0,False,6.740567684173584,
Abalone,noln_base,0,0.2533413767814636,v3-rezero,False,1.0,False,6.0725531578063965,
Abalone,noln_base,1,0.3416234254837036,v3-rezero,False,1.0,False,9.78129506111145,
Abalone,noln_base,2,0.32269811630249023,v3-rezero,False,1.0,False,4.990090608596802,
Abalone,noln_base,3,-2.444119453430176,v3-rezero,False,1.0,False,8.672069549560547,
Abalone,noln_base,4,0.31982421875,v3-rezero,False,1.0,False,7.843988418579102,
Abalone,noln_rezero,0,0.2884775400161743,v3-rezero,True,1.0,False,6.500011682510376,
Abalone,noln_rezero,1,0.3514776825904846,v3-rezero,True,1.0,False,12.328523874282837,
Abalone,noln_rezero,2,0.3074355125427246,v3-rezero,True,1.0,False,7.934572696685791,
Abalone,noln_rezero,3,0.25197678804397583,v3-rezero,True,1.0,False,8.509058475494385,
Abalone,noln_rezero,4,0.32437664270401,v3-rezero,True,1.0,False,22.137821435928345,
Abalone,noln_smallw,0,0.28095149993896484,v3-rezero,False,0.1,False,9.978509426116943,
Abalone,noln_smallw,1,0.3431800603866577,v3-rezero,False,0.1,False,9.448636770248413,
Abalone,noln_smallw,2,0.3251168131828308,v3-rezero,False,0.1,False,8.395561456680298,
Abalone,noln_smallw,3,-1.1135926246643066,v3-rezero,False,0.1,False,9.791726350784302,
Abalone,noln_smallw,4,0.3173806071281433,v3-rezero,False,0.1,False,6.292398691177368,
Kin8nm,ln_reference,0,0.9144769906997681,v3-rezero,False,1.0,False,12.195074558258057,
Kin8nm,ln_reference,1,0.9208471775054932,v3-rezero,False,1.0,False,15.117629051208496,
Kin8nm,ln_reference,2,0.9149001836776733,v3-rezero,False,1.0,False,17.15058946609497,
Kin8nm,ln_reference,3,0.9241407513618469,v3-rezero,False,1.0,False,20.43131422996521,
Kin8nm,ln_reference,4,0.9246593713760376,v3-rezero,False,1.0,False,13.626590490341187,
Kin8nm,noln_base,0,0.9075381755828857,v3-rezero,False,1.0,False,20.058168649673462,
Kin8nm,noln_base,1,0.9170090556144714,v3-rezero,False,1.0,False,14.416596412658691,
Kin8nm,noln_base,2,0.9173837900161743,v3-rezero,False,1.0,False,15.092307090759277,
Kin8nm,noln_base,3,0.9192035794258118,v3-rezero,False,1.0,False,19.166567087173462,
Kin8nm,noln_base,4,0.9218454957008362,v3-rezero,False,1.0,False,15.850945234298706,
Kin8nm,noln_rezero,0,0.9087626934051514,v3-rezero,True,1.0,False,31.467992067337036,
Kin8nm,noln_rezero,1,0.9086464047431946,v3-rezero,True,1.0,False,44.78758192062378,
Kin8nm,noln_rezero,2,0.9108519554138184,v3-rezero,True,1.0,False,38.780038833618164,
Kin8nm,noln_rezero,3,0.7837873697280884,v3-rezero,True,1.0,False,15.355780363082886,
Kin8nm,noln_rezero,4,0.9135807156562805,v3-rezero,True,1.0,False,27.86764669418335,
Kin8nm,noln_smallw,0,0.9161346554756165,v3-rezero,False,0.1,False,18.91759753227234,
Kin8nm,noln_smallw,1,0.9203612804412842,v3-rezero,False,0.1,False,18.054593563079834,
Kin8nm,noln_smallw,2,0.9229867458343506,v3-rezero,False,0.1,False,14.572920322418213,
Kin8nm,noln_smallw,3,0.9190765023231506,v3-rezero,False,0.1,False,12.756812572479248,
Kin8nm,noln_smallw,4,0.9295939803123474,v3-rezero,False,0.1,False,15.600412130355835,
Protein,ln_reference,0,0.47744297981262207,v3-rezero,False,1.0,False,29.230846405029297,
Protein,ln_reference,1,0.4394869804382324,v3-rezero,False,1.0,False,22.051872730255127,
Protein,ln_reference,2,0.4396893382072449,v3-rezero,False,1.0,False,19.363221168518066,
Protein,ln_reference,3,0.4567193388938904,v3-rezero,False,1.0,False,17.679612159729004,
Protein,ln_reference,4,0.4642021656036377,v3-rezero,False,1.0,False,20.312211275100708,
Protein,noln_base,0,0.15438616275787354,v3-rezero,False,1.0,False,20.110729932785034,
Protein,noln_base,1,0.4095690846443176,v3-rezero,False,1.0,False,24.45872473716736,
Protein,noln_base,2,0.38324832916259766,v3-rezero,False,1.0,False,14.522532939910889,
Protein,noln_base,3,0.3956093192100525,v3-rezero,False,1.0,False,19.662043571472168,
Protein,noln_base,4,0.4003661274909973,v3-rezero,False,1.0,False,15.313094139099121,
Protein,noln_rezero,0,0.32798850536346436,v3-rezero,True,1.0,False,14.98147463798523,
Protein,noln_rezero,1,0.33199816942214966,v3-rezero,True,1.0,False,19.66403889656067,
Protein,noln_rezero,2,0.3353959918022156,v3-rezero,True,1.0,False,15.385297536849976,
Protein,noln_rezero,3,0.3325984477996826,v3-rezero,True,1.0,False,14.083423614501953,
Protein,noln_rezero,4,0.39452749490737915,v3-rezero,True,1.0,False,23.86551523208618,
Protein,noln_smallw,0,0.3618030548095703,v3-rezero,False,0.1,False,30.966411113739014,
Protein,noln_smallw,1,0.4197472333908081,v3-rezero,False,0.1,False,26.582865953445435,
Protein,noln_smallw,2,0.38423341512680054,v3-rezero,False,0.1,False,18.72958779335022,
Protein,noln_smallw,3,0.39281779527664185,v3-rezero,False,0.1,False,16.944125413894653,
Protein,noln_smallw,4,0.4161137342453003,v3-rezero,False,0.1,False,15.899125099182129,
