dataset,n_mix,n_ffn,variant,seed_idx,r2,params,wall_s,error
California,1,1,mix1_ffn1,0,0.7560579776763916,30401,24.109673023223877,
California,1,1,mix1_ffn1,1,0.767655074596405,30401,25.437983989715576,
California,1,1,mix1_ffn1,2,0.7844065427780151,30401,24.467482566833496,
California,1,1,mix1_ffn1,3,0.7481601238250732,30401,29.097620248794556,
California,1,1,mix1_ffn1,4,0.7746881246566772,30401,21.795156240463257,
California,1,3,mix1_ffn3,0,0.7658612728118896,63809,24.636688470840454,
California,1,3,mix1_ffn3,1,0.7705392837524414,63809,18.556381940841675,
California,1,3,mix1_ffn3,2,0.7789791822433472,63809,27.767171621322632,
California,1,3,mix1_ffn3,3,0.7417160272598267,63809,27.044042348861694,
California,1,3,mix1_ffn3,4,0.771128237247467,63809,24.163135051727295,
California,3,1,mix3_ffn1,0,0.7201677560806274,56385,47.121378898620605,
California,3,1,mix3_ffn1,1,0.7647529244422913,56385,39.26175379753113,
California,3,1,mix3_ffn1,2,0.7626041173934937,56385,42.309499740600586,
California,3,1,mix3_ffn1,3,0.7271583080291748,56385,39.43870210647583,
California,3,1,mix3_ffn1,4,0.7446858286857605,56385,39.19432592391968,
California,3,3,mix3_ffn3,0,0.724876880645752,89793,44.82952165603638,
California,3,3,mix3_ffn3,1,0.7579959630966187,89793,41.56679010391235,
California,3,3,mix3_ffn3,2,0.7693518400192261,89793,49.26956033706665,
California,3,3,mix3_ffn3,3,0.7097290754318237,89793,46.04309868812561,
California,3,3,mix3_ffn3,4,0.7263647317886353,89793,43.62083888053894,
Yacht,1,1,mix1_ffn1,0,0.9939286708831787,30273,19.869614601135254,
Yacht,1,1,mix1_ffn1,1,0.9801945686340332,30273,12.208479642868042,
Yacht,1,1,mix1_ffn1,2,0.9926052689552307,30273,9.654922485351562,
Yacht,1,1,mix1_ffn1,3,0.9792341589927673,30273,9.755446910858154,
Yacht,1,1,mix1_ffn1,4,0.9943217039108276,30273,9.256413459777832,
Yacht,1,3,mix1_ffn3,0,0.9945347309112549,63681,8.460455417633057,
Yacht,1,3,mix1_ffn3,1,0.9700919985771179,63681,10.877801895141602,
Yacht,1,3,mix1_ffn3,2,0.9901557564735413,63681,20.490071773529053,
Yacht,1,3,mix1_ffn3,3,0.9841316342353821,63681,9.124519109725952,
Yacht,1,3,mix1_ffn3,4,0.9923321604728699,63681,11.537836074829102,
Yacht,3,1,mix3_ffn1,0,0.9963691830635071,56257,12.311690330505371,
Yacht,3,1,mix3_ffn1,1,0.9641992449760437,56257,11.747658491134644,
Yacht,3,1,mix3_ffn1,2,0.9912981986999512,56257,10.032809734344482,
Yacht,3,1,mix3_ffn1,3,0.9877730011940002,56257,11.129546165466309,
Yacht,3,1,mix3_ffn1,4,0.9948804974555969,56257,12.209945678710938,
Yacht,3,3,mix3_ffn3,0,0.9862215518951416,89665,15.473634481430054,
Yacht,3,3,mix3_ffn3,1,0.9634089469909668,89665,7.861572980880737,
Yacht,3,3,mix3_ffn3,2,0.982409656047821,89665,12.17240309715271,
Yacht,3,3,mix3_ffn3,3,0.9810572862625122,89665,10.855106592178345,
Yacht,3,3,mix3_ffn3,4,0.9922250509262085,89665,9.979527473449707,
Energy,1,1,mix1_ffn1,0,0.9898059368133545,30401,11.559984922409058,
Energy,1,1,mix1_ffn1,1,0.9947752356529236,30401,10.848901987075806,
Energy,1,1,mix1_ffn1,2,0.993737518787384,30401,11.674196243286133,
Energy,1,1,mix1_ffn1,3,0.9946210980415344,30401,12.582199811935425,
Energy,1,1,mix1_ffn1,4,0.9907516241073608,30401,15.741592168807983,
Energy,1,3,mix1_ffn3,0,0.9944009184837341,63809,3.664219617843628,
Energy,1,3,mix1_ffn3,1,0.9921615719795227,63809,3.8669567108154297,
Energy,1,3,mix1_ffn3,2,0.9949629902839661,63809,5.014678001403809,
Energy,1,3,mix1_ffn3,3,0.9913457036018372,63809,3.600088357925415,
Energy,1,3,mix1_ffn3,4,0.9901520609855652,63809,19.215052127838135,
Energy,3,1,mix3_ffn1,0,0.9879025220870972,56385,19.509618520736694,
Energy,3,1,mix3_ffn1,1,0.9867657423019409,56385,20.194251775741577,
Energy,3,1,mix3_ffn1,2,0.9832512140274048,56385,6.266488552093506,
Energy,3,1,mix3_ffn1,3,0.991974949836731,56385,17.491148471832275,
Energy,3,1,mix3_ffn1,4,0.9866105318069458,56385,8.067969799041748,
Energy,3,3,mix3_ffn3,0,0.9912965893745422,89793,10.85278844833374,
Energy,3,3,mix3_ffn3,1,0.9891027808189392,89793,9.054413080215454,
Energy,3,3,mix3_ffn3,2,0.9794418215751648,89793,6.578381299972534,
Energy,3,3,mix3_ffn3,3,0.9880436062812805,89793,7.884142160415649,
Energy,3,3,mix3_ffn3,4,0.9761916995048523,89793,14.76465654373169,
Concrete,1,1,mix1_ffn1,0,0.8967450857162476,30401,7.152334928512573,
Concrete,1,1,mix1_ffn1,1,0.9053700566291809,30401,4.531160354614258,
Concrete,1,1,mix1_ffn1,2,0.9196611046791077,30401,4.186428070068359,
Concrete,1,1,mix1_ffn1,3,0.8945313096046448,30401,3.7935874462127686,
Concrete,1,1,mix1_ffn1,4,0.9108657836914062,30401,4.775093078613281,
Concrete,1,3,mix1_ffn3,0,0.892252504825592,63809,4.729249715805054,
Concrete,1,3,mix1_ffn3,1,0.9075914025306702,63809,3.6849589347839355,
Concrete,1,3,mix1_ffn3,2,0.9176657795906067,63809,4.592065811157227,
Concrete,1,3,mix1_ffn3,3,0.9059988260269165,63809,5.6247289180755615,
Concrete,1,3,mix1_ffn3,4,0.9071699380874634,63809,4.0349040031433105,
Concrete,3,1,mix3_ffn1,0,0.876397967338562,56385,8.782020092010498,
Concrete,3,1,mix3_ffn1,1,0.887677013874054,56385,9.092962980270386,
Concrete,3,1,mix3_ffn1,2,0.8884499073028564,56385,6.759207725524902,
Concrete,3,1,mix3_ffn1,3,0.8964819312095642,56385,10.018970966339111,
Concrete,3,1,mix3_ffn1,4,0.9109402894973755,56385,10.856010675430298,
Concrete,3,3,mix3_ffn3,0,0.8752990365028381,89793,8.86769413948059,
Concrete,3,3,mix3_ffn3,1,0.8788845539093018,89793,9.242998361587524,
Concrete,3,3,mix3_ffn3,2,0.8809064626693726,89793,8.183591842651367,
Concrete,3,3,mix3_ffn3,3,0.8862813115119934,89793,9.275001525878906,
Concrete,3,3,mix3_ffn3,4,0.8994979858398438,89793,14.95934796333313,
Airfoil,1,1,mix1_ffn1,0,0.9563093185424805,30209,4.669628381729126,
Airfoil,1,1,mix1_ffn1,1,0.9387958645820618,30209,3.939720630645752,
Airfoil,1,1,mix1_ffn1,2,0.9430675506591797,30209,4.08861780166626,
Airfoil,1,1,mix1_ffn1,3,0.8742163181304932,30209,2.3384952545166016,
Airfoil,1,1,mix1_ffn1,4,0.9328308701515198,30209,4.221217632293701,
Airfoil,1,3,mix1_ffn3,0,0.9587435722351074,63617,3.527010202407837,
Airfoil,1,3,mix1_ffn3,1,0.9410868883132935,63617,2.8924925327301025,
Airfoil,1,3,mix1_ffn3,2,0.9558639526367188,63617,4.189378499984741,
Airfoil,1,3,mix1_ffn3,3,0.8471054434776306,63617,1.735264778137207,
Airfoil,1,3,mix1_ffn3,4,0.9456091523170471,63617,5.497071266174316,
Airfoil,3,1,mix3_ffn1,0,0.9614265561103821,56193,7.667824029922485,
Airfoil,3,1,mix3_ffn1,1,0.9512743353843689,56193,5.201090097427368,
Airfoil,3,1,mix3_ffn1,2,0.9511030316352844,56193,4.7461748123168945,
Airfoil,3,1,mix3_ffn1,3,0.9283230304718018,56193,6.069769620895386,
Airfoil,3,1,mix3_ffn1,4,0.9545900821685791,56193,6.818713426589966,
Airfoil,3,3,mix3_ffn3,0,0.9628950357437134,89601,6.9924232959747314,
Airfoil,3,3,mix3_ffn3,1,0.9616875648498535,89601,8.037381887435913,
Airfoil,3,3,mix3_ffn3,2,0.9682312607765198,89601,8.250437021255493,
Airfoil,3,3,mix3_ffn3,3,0.8389632701873779,89601,3.930513381958008,
Airfoil,3,3,mix3_ffn3,4,0.9439070820808411,89601,4.843772888183594,
Abalone,1,1,mix1_ffn1,0,0.33076953887939453,30337,6.322132110595703,
Abalone,1,1,mix1_ffn1,1,0.34092462062835693,30337,9.689942359924316,
Abalone,1,1,mix1_ffn1,2,0.32442086935043335,30337,10.66266131401062,
Abalone,1,1,mix1_ffn1,3,0.34356629848480225,30337,8.22428035736084,
Abalone,1,1,mix1_ffn1,4,0.3237799406051636,30337,10.342429161071777,
Abalone,1,3,mix1_ffn3,0,0.3262626528739929,63745,7.743406772613525,
Abalone,1,3,mix1_ffn3,1,0.3548533320426941,63745,8.419204711914062,
Abalone,1,3,mix1_ffn3,2,0.3169812560081482,63745,8.244278907775879,
Abalone,1,3,mix1_ffn3,3,0.3298807740211487,63745,7.374304533004761,
Abalone,1,3,mix1_ffn3,4,0.3193368911743164,63745,9.587127923965454,
Abalone,3,1,mix3_ffn1,0,0.3118230700492859,56321,15.915384531021118,
Abalone,3,1,mix3_ffn1,1,0.33224594593048096,56321,14.934948444366455,
Abalone,3,1,mix3_ffn1,2,0.304498553276062,56321,14.01343321800232,
Abalone,3,1,mix3_ffn1,3,0.31611353158950806,56321,13.543084383010864,
Abalone,3,1,mix3_ffn1,4,0.30261707305908203,56321,16.095439910888672,
Abalone,3,3,mix3_ffn3,0,0.3098987936973572,89729,16.15034008026123,
Abalone,3,3,mix3_ffn3,1,0.32755225896835327,89729,14.10968279838562,
Abalone,3,3,mix3_ffn3,2,0.3107336163520813,89729,15.793508768081665,
Abalone,3,3,mix3_ffn3,3,0.3329316973686218,89729,12.954182624816895,
Abalone,3,3,mix3_ffn3,4,0.31004106998443604,89729,15.641726016998291,
Kin8nm,1,1,mix1_ffn1,0,0.9147433042526245,30401,13.862797021865845,
Kin8nm,1,1,mix1_ffn1,1,0.9225006103515625,30401,15.355750322341919,
Kin8nm,1,1,mix1_ffn1,2,0.9189587235450745,30401,17.69676923751831,
Kin8nm,1,1,mix1_ffn1,3,0.9227859973907471,30401,16.320581197738647,
Kin8nm,1,1,mix1_ffn1,4,0.9264639019966125,30401,16.291664361953735,
Kin8nm,1,3,mix1_ffn3,0,0.9205993413925171,63809,15.582371234893799,
Kin8nm,1,3,mix1_ffn3,1,0.9193593859672546,63809,15.245841264724731,
Kin8nm,1,3,mix1_ffn3,2,0.9233263731002808,63809,15.478995561599731,
Kin8nm,1,3,mix1_ffn3,3,0.924330472946167,63809,16.52213406562805,
Kin8nm,1,3,mix1_ffn3,4,0.927342414855957,63809,15.680243253707886,
Kin8nm,3,1,mix3_ffn1,0,0.8737103939056396,56385,35.30638337135315,
Kin8nm,3,1,mix3_ffn1,1,0.8795598745346069,56385,31.816811561584473,
Kin8nm,3,1,mix3_ffn1,2,0.8714094161987305,56385,32.89966011047363,
Kin8nm,3,1,mix3_ffn1,3,0.880732536315918,56385,39.613038539886475,
Kin8nm,3,1,mix3_ffn1,4,0.8762521147727966,56385,33.83744192123413,
Kin8nm,3,3,mix3_ffn3,0,0.8742399215698242,89793,42.91786003112793,
Kin8nm,3,3,mix3_ffn3,1,0.8694300651550293,89793,41.38657760620117,
Kin8nm,3,3,mix3_ffn3,2,0.8629006743431091,89793,50.7150559425354,
Kin8nm,3,3,mix3_ffn3,3,0.8828485608100891,89793,31.860388040542603,
Kin8nm,3,3,mix3_ffn3,4,0.8704791069030762,89793,40.35958242416382,
Protein,1,1,mix1_ffn1,0,0.42161762714385986,30465,17.630534648895264,
Protein,1,1,mix1_ffn1,1,0.4538307785987854,30465,25.38033938407898,
Protein,1,1,mix1_ffn1,2,0.4563177824020386,30465,23.16436243057251,
Protein,1,1,mix1_ffn1,3,0.4619503617286682,30465,23.756303548812866,
Protein,1,1,mix1_ffn1,4,0.4494163393974304,30465,18.932360410690308,
Protein,1,3,mix1_ffn3,0,0.5035914182662964,63873,23.636167764663696,
Protein,1,3,mix1_ffn3,1,0.43971890211105347,63873,18.99751567840576,
Protein,1,3,mix1_ffn3,2,0.45510977506637573,63873,18.858274221420288,
Protein,1,3,mix1_ffn3,3,0.4575820565223694,63873,17.64355731010437,
Protein,1,3,mix1_ffn3,4,0.4544362425804138,63873,17.70921564102173,
Protein,3,1,mix3_ffn1,0,0.49855613708496094,56449,46.35791325569153,
Protein,3,1,mix3_ffn1,1,0.45591259002685547,56449,40.24443864822388,
Protein,3,1,mix3_ffn1,2,0.44628798961639404,56449,44.39869666099548,
Protein,3,1,mix3_ffn1,3,0.4512442946434021,56449,41.636101961135864,
Protein,3,1,mix3_ffn1,4,0.4718513488769531,56449,42.65451192855835,
Protein,3,3,mix3_ffn3,0,0.4876566529273987,89857,41.032052993774414,
Protein,3,3,mix3_ffn3,1,0.46881693601608276,89857,45.811938762664795,
Protein,3,3,mix3_ffn3,2,0.45369988679885864,89857,43.52776885032654,
Protein,3,3,mix3_ffn3,3,0.431954026222229,89857,40.97951555252075,
Protein,3,3,mix3_ffn3,4,0.47132426500320435,89857,44.292970180511475,
