kind,dataset,model,seed_idx,r2,wall_s,error
cpu,California,OLS,0,0.6289063692092896,0.13262271881103516,
cpu,California,OLS,1,0.5794842839241028,0.12104129791259766,
cpu,California,OLS,2,0.6292660236358643,0.16755032539367676,
cpu,California,OLS,3,0.5533837080001831,0.14261841773986816,
cpu,California,OLS,4,0.5952812433242798,0.1264934539794922,
cpu,California,RF,0,0.7714368296213461,0.8092794418334961,
cpu,California,RF,1,0.7961083544962173,1.5958747863769531,
cpu,California,RF,2,0.7821581860330056,1.11002516746521,
cpu,California,RF,3,0.7643672198738498,1.1311001777648926,
cpu,California,RF,4,0.76825385652832,1.3946452140808105,
cpu,Yacht,OLS,0,0.5450298190116882,0.13643908500671387,
cpu,Yacht,OLS,1,0.6803350448608398,0.10281085968017578,
cpu,Yacht,OLS,2,0.6130366921424866,0.1514592170715332,
cpu,Yacht,OLS,3,0.556890070438385,0.006735801696777344,
cpu,Yacht,OLS,4,0.4143041968345642,0.005205869674682617,
cpu,Yacht,RF,0,0.969960974842449,1.0898113250732422,
cpu,Yacht,RF,1,0.9705210642180242,0.7931532859802246,
cpu,Yacht,RF,2,0.9754393049836481,0.7854645252227783,
cpu,Yacht,RF,3,0.9719613795016914,0.7750306129455566,
cpu,Yacht,RF,4,0.9827484824744986,0.751593828201294,
cpu,Energy,OLS,0,0.9111945033073425,0.005467653274536133,
cpu,Energy,OLS,1,0.9048223495483398,0.004995107650756836,
cpu,Energy,OLS,2,0.923454761505127,0.0052220821380615234,
cpu,Energy,OLS,3,0.909324586391449,0.0050122737884521484,
cpu,Energy,OLS,4,0.9131918549537659,0.004987478256225586,
cpu,Energy,RF,0,0.9960660834235873,0.8344464302062988,
cpu,Energy,RF,1,0.9960501893457677,0.7737224102020264,
cpu,Energy,RF,2,0.9958873926005306,0.7527356147766113,
cpu,Energy,RF,3,0.9975397000041364,0.7400259971618652,
cpu,Energy,RF,4,0.9963695746442417,0.7544972896575928,
cpu,Concrete,OLS,0,0.6275416016578674,0.005574464797973633,
cpu,Concrete,OLS,1,0.5631240606307983,0.005484104156494141,
cpu,Concrete,OLS,2,0.6713873147964478,0.004884481430053711,
cpu,Concrete,OLS,3,0.6059651970863342,0.005430698394775391,
cpu,Concrete,OLS,4,0.652275800704956,0.005052089691162109,
cpu,Concrete,RF,0,0.8820194131074937,0.7591185569763184,
cpu,Concrete,RF,1,0.9003543751438534,0.7558751106262207,
cpu,Concrete,RF,2,0.8907905269089935,0.781728982925415,
cpu,Concrete,RF,3,0.8900278327224141,0.7552580833435059,
cpu,Concrete,RF,4,0.9014899123798081,0.7553994655609131,
cpu,Airfoil,OLS,0,0.5582979917526245,0.11445903778076172,
cpu,Airfoil,OLS,1,0.5396061539649963,0.006642818450927734,
cpu,Airfoil,OLS,2,0.4757523536682129,0.09513592720031738,
cpu,Airfoil,OLS,3,0.43650078773498535,0.09908103942871094,
cpu,Airfoil,OLS,4,0.4761008024215698,0.0052890777587890625,
cpu,Airfoil,RF,0,0.919964417785627,1.1282682418823242,
cpu,Airfoil,RF,1,0.9220356214226064,0.5368995666503906,
cpu,Airfoil,RF,2,0.9181203963156097,1.1460556983947754,
cpu,Airfoil,RF,3,0.8698626057361782,0.9535770416259766,
cpu,Airfoil,RF,4,0.9191012750060863,1.0721509456634521,
cpu,Abalone,OLS,0,0.2587881088256836,0.09789323806762695,
cpu,Abalone,OLS,1,0.27532392740249634,0.008434057235717773,
cpu,Abalone,OLS,2,0.26964426040649414,0.15131378173828125,
cpu,Abalone,OLS,3,0.24029844999313354,0.15813469886779785,
cpu,Abalone,OLS,4,0.2546597123146057,0.005513668060302734,
cpu,Abalone,RF,0,0.3105906236889068,1.1327791213989258,
cpu,Abalone,RF,1,0.3267592416592484,1.174175500869751,
cpu,Abalone,RF,2,0.33540461590072546,0.8083500862121582,
cpu,Abalone,RF,3,0.3377943938705399,1.0249969959259033,
cpu,Abalone,RF,4,0.2970810888684494,0.6367096900939941,
cpu,Kin8nm,OLS,0,0.46500158309936523,0.13805007934570312,
cpu,Kin8nm,OLS,1,0.4477078318595886,0.009040355682373047,
cpu,Kin8nm,OLS,2,0.4054982662200928,0.06337499618530273,
cpu,Kin8nm,OLS,3,0.40958064794540405,0.09898829460144043,
cpu,Kin8nm,OLS,4,0.4242173433303833,0.009754180908203125,
cpu,Kin8nm,RF,0,0.6701665905806848,1.3908684253692627,
cpu,Kin8nm,RF,1,0.6778171626918394,1.1194708347320557,
cpu,Kin8nm,RF,2,0.6490771427616855,1.3477537631988525,
cpu,Kin8nm,RF,3,0.6607553049232211,0.8735377788543701,
cpu,Kin8nm,RF,4,0.6606718319496108,1.2309386730194092,
cpu,Protein,OLS,0,0.28304481506347656,0.010754823684692383,
cpu,Protein,OLS,1,0.2786181569099426,0.008230447769165039,
cpu,Protein,OLS,2,0.2834075093269348,0.009473323822021484,
cpu,Protein,OLS,3,0.2704911231994629,0.011346578598022461,
cpu,Protein,OLS,4,0.30893003940582275,0.00764775276184082,
cpu,Protein,RF,0,0.5416602881971794,0.678534984588623,
cpu,Protein,RF,1,0.4939560825629479,1.559084177017212,
cpu,Protein,RF,2,0.522039838852526,1.1690864562988281,
cpu,Protein,RF,3,0.5189865778488296,0.9529671669006348,
cpu,Protein,RF,4,0.5335761651535686,1.0748112201690674,
