dataset,config,readout,seed_idx,r2,params,pred_std,version,wall_s,error
California,mix_ffn,mean,0,0.7539169192314148,30401,0.9433049559593201,v6-mixattn,13.606000900268555,
California,mix_ffn,mean,1,0.7726548910140991,30401,0.9364809393882751,v6-mixattn,22.31614351272583,
California,mix_ffn,mean,2,0.7929392457008362,30401,0.9504216909408569,v6-mixattn,21.7884361743927,
California,mix_ffn,mean,3,0.7408841848373413,30401,0.9086793661117554,v6-mixattn,26.61985945701599,
California,mix_ffn,mean,4,0.7716367244720459,30401,0.8735249042510986,v6-mixattn,17.304797172546387,
California,mix_attn_ffn,mean,0,0.7556509375572205,47169,0.9192242622375488,v6-mixattn,30.4782235622406,
California,mix_attn_ffn,mean,1,0.7679488658905029,47169,0.8809410333633423,v6-mixattn,21.360413551330566,
California,mix_attn_ffn,mean,2,0.7816056609153748,47169,0.9403324127197266,v6-mixattn,19.652911901474,
California,mix_attn_ffn,mean,3,0.7310556173324585,47169,0.9209384918212891,v6-mixattn,23.7097008228302,
California,mix_attn_ffn,mean,4,0.7746250033378601,47169,0.8679810166358948,v6-mixattn,17.78533363342285,
California,attn_ffn,mean,0,0.734276294708252,34177,0.8632128834724426,v6-mixattn,10.429298877716064,
California,attn_ffn,mean,1,0.738794207572937,34177,0.856322169303894,v6-mixattn,14.532077312469482,
California,attn_ffn,mean,2,0.7484028935432434,34177,0.8691574335098267,v6-mixattn,15.553882122039795,
California,attn_ffn,mean,3,0.6931905746459961,34177,0.8441668748855591,v6-mixattn,3.191373109817505,
California,attn_ffn,mean,4,0.7445411086082458,34177,0.8444045186042786,v6-mixattn,17.283409357070923,
California,ffn_only,mean,0,0.7039158940315247,17409,0.8502324819564819,v6-mixattn,10.292356491088867,
California,ffn_only,mean,1,0.7214829325675964,17409,0.8438732028007507,v6-mixattn,5.287554740905762,
California,ffn_only,mean,2,0.7238037586212158,17409,0.8213182687759399,v6-mixattn,11.134981155395508,
California,ffn_only,mean,3,0.6979064345359802,17409,0.8595461845397949,v6-mixattn,9.793653011322021,
California,ffn_only,mean,4,0.6893579363822937,17409,0.8261427879333496,v6-mixattn,11.507941961288452,
California,mix_attn,mean,0,0.7457804083824158,30465,0.8975438475608826,v6-mixattn,21.56906032562256,
California,mix_attn,mean,1,0.7572348117828369,30465,0.947948694229126,v6-mixattn,22.700562715530396,
California,mix_attn,mean,2,0.7838535904884338,30465,0.9226120710372925,v6-mixattn,20.42207431793213,
California,mix_attn,mean,3,0.7449836134910583,30465,0.8899917602539062,v6-mixattn,16.336384534835815,
California,mix_attn,mean,4,0.7677103281021118,30465,0.8684183359146118,v6-mixattn,26.86321258544922,
Yacht,mix_ffn,mean,0,0.9933964014053345,30273,0.7464851140975952,v6-mixattn,12.58436369895935,
Yacht,mix_ffn,mean,1,0.9797347784042358,30273,1.0687469244003296,v6-mixattn,6.098845481872559,
Yacht,mix_ffn,mean,2,0.9889984130859375,30273,0.7846946120262146,v6-mixattn,5.851209402084351,
Yacht,mix_ffn,mean,3,0.985548198223114,30273,0.7474468946456909,v6-mixattn,6.239502906799316,
Yacht,mix_ffn,mean,4,0.9968872666358948,30273,0.6743599772453308,v6-mixattn,1.2834887504577637,
Yacht,mix_attn_ffn,mean,0,0.9882333278656006,47041,0.7246496677398682,v6-mixattn,6.38431191444397,
Yacht,mix_attn_ffn,mean,1,0.9791615009307861,47041,1.1119871139526367,v6-mixattn,11.794570922851562,
Yacht,mix_attn_ffn,mean,2,0.9860476851463318,47041,0.7762331962585449,v6-mixattn,1.0128955841064453,
Yacht,mix_attn_ffn,mean,3,0.9932368397712708,47041,0.7559381723403931,v6-mixattn,1.2073731422424316,
Yacht,mix_attn_ffn,mean,4,0.9963870048522949,47041,0.6856876611709595,v6-mixattn,6.673413038253784,
Yacht,attn_ffn,mean,0,-0.08313477039337158,34049,0.3333137631416321,v6-mixattn,6.304771184921265,
Yacht,attn_ffn,mean,1,0.9904566407203674,34049,1.0659462213516235,v6-mixattn,0.745147705078125,
Yacht,attn_ffn,mean,2,0.05393034219741821,34049,0.07230813056230545,v6-mixattn,5.244303464889526,
Yacht,attn_ffn,mean,3,0.9843698143959045,34049,0.7678961753845215,v6-mixattn,5.750851631164551,
Yacht,attn_ffn,mean,4,0.1517038345336914,34049,0.31163856387138367,v6-mixattn,0.08176302909851074,
Yacht,ffn_only,mean,0,-0.05993819236755371,17281,0.36319833993911743,v6-mixattn,0.1098473072052002,
Yacht,ffn_only,mean,1,0.9817448258399963,17281,1.0353926420211792,v6-mixattn,0.9078023433685303,
Yacht,ffn_only,mean,2,-0.04831850528717041,17281,0.056475140154361725,v6-mixattn,0.05902719497680664,
Yacht,ffn_only,mean,3,0.9467892050743103,17281,0.7506938576698303,v6-mixattn,5.882850170135498,
Yacht,ffn_only,mean,4,0.11523723602294922,17281,0.2639782428741455,v6-mixattn,0.06112980842590332,
Yacht,mix_attn,mean,0,0.9891494512557983,30337,0.7288614511489868,v6-mixattn,1.513918399810791,
Yacht,mix_attn,mean,1,0.9748364686965942,30337,1.0571542978286743,v6-mixattn,1.0514485836029053,
Yacht,mix_attn,mean,2,0.9918910264968872,30337,0.7532460689544678,v6-mixattn,1.3736419677734375,
Yacht,mix_attn,mean,3,0.9857667088508606,30337,0.7410111427307129,v6-mixattn,6.555356025695801,
Yacht,mix_attn,mean,4,0.993508517742157,30337,0.6675117611885071,v6-mixattn,1.253072738647461,
Energy,mix_ffn,mean,0,0.9941514730453491,30401,1.01369047164917,v6-mixattn,4.369938850402832,
Energy,mix_ffn,mean,1,0.9956321716308594,30401,0.9495609998703003,v6-mixattn,3.8378372192382812,
Energy,mix_ffn,mean,2,0.9951533079147339,30401,0.9902952909469604,v6-mixattn,4.265477657318115,
Energy,mix_ffn,mean,3,0.9960006475448608,30401,1.0462610721588135,v6-mixattn,5.314570903778076,
Energy,mix_ffn,mean,4,0.9960021376609802,30401,0.9716180562973022,v6-mixattn,5.444682359695435,
Energy,mix_attn_ffn,mean,0,0.9954825043678284,47169,1.0121787786483765,v6-mixattn,5.357778072357178,
Energy,mix_attn_ffn,mean,1,0.9958703517913818,47169,0.9508134126663208,v6-mixattn,10.606830358505249,
Energy,mix_attn_ffn,mean,2,0.9925840497016907,47169,0.9812893271446228,v6-mixattn,3.606025218963623,
Energy,mix_attn_ffn,mean,3,0.9958353042602539,47169,1.0684560537338257,v6-mixattn,4.594925403594971,
Energy,mix_attn_ffn,mean,4,0.9891737699508667,47169,0.9498174786567688,v6-mixattn,3.702180862426758,
Energy,attn_ffn,mean,0,0.9236099720001221,34177,0.9437234401702881,v6-mixattn,1.15805983543396,
Energy,attn_ffn,mean,1,0.9093010425567627,34177,0.992835283279419,v6-mixattn,0.7319619655609131,
Energy,attn_ffn,mean,2,0.9354852437973022,34177,0.9654764533042908,v6-mixattn,6.300134181976318,
Energy,attn_ffn,mean,3,0.906921923160553,34177,0.9846361875534058,v6-mixattn,1.3177688121795654,
Energy,attn_ffn,mean,4,0.9266335368156433,34177,0.9005336165428162,v6-mixattn,5.678760051727295,
Energy,ffn_only,mean,0,0.9346323013305664,17409,0.9817302823066711,v6-mixattn,0.9284958839416504,
Energy,ffn_only,mean,1,0.9430345296859741,17409,0.9385530948638916,v6-mixattn,1.1398868560791016,
Energy,ffn_only,mean,2,0.9156270623207092,17409,0.9804888367652893,v6-mixattn,0.9371006488800049,
Energy,ffn_only,mean,3,0.978411853313446,17409,1.089705228805542,v6-mixattn,2.1725738048553467,
Energy,ffn_only,mean,4,0.9799494743347168,17409,0.9630321860313416,v6-mixattn,1.993809461593628,
Energy,mix_attn,mean,0,0.9904723167419434,30465,1.0118341445922852,v6-mixattn,4.10987114906311,
Energy,mix_attn,mean,1,0.987156867980957,30465,0.9487740397453308,v6-mixattn,3.0682027339935303,
Energy,mix_attn,mean,2,0.9905924201011658,30465,0.9664508700370789,v6-mixattn,6.758087873458862,
Energy,mix_attn,mean,3,0.9917949438095093,30465,1.0580804347991943,v6-mixattn,4.963122606277466,
Energy,mix_attn,mean,4,0.9875326752662659,30465,0.9717400074005127,v6-mixattn,3.6156258583068848,
Concrete,mix_ffn,mean,0,0.9014261960983276,30401,0.916319727897644,v6-mixattn,13.56743574142456,
Concrete,mix_ffn,mean,1,0.9072359800338745,30401,0.9131515622138977,v6-mixattn,9.14308786392212,
Concrete,mix_ffn,mean,2,0.9184406399726868,30401,1.0469402074813843,v6-mixattn,3.6134767532348633,
Concrete,mix_ffn,mean,3,0.9063944220542908,30401,0.9364202618598938,v6-mixattn,6.199626922607422,
Concrete,mix_ffn,mean,4,0.9130831360816956,30401,0.9982382655143738,v6-mixattn,4.777242422103882,
Concrete,mix_attn_ffn,mean,0,0.8920862078666687,47169,0.9122976064682007,v6-mixattn,4.648374795913696,
Concrete,mix_attn_ffn,mean,1,0.9077404141426086,47169,0.910970151424408,v6-mixattn,3.487104892730713,
Concrete,mix_attn_ffn,mean,2,0.9158143997192383,47169,1.024208426475525,v6-mixattn,3.540614604949951,
Concrete,mix_attn_ffn,mean,3,0.90790855884552,47169,0.9261806607246399,v6-mixattn,9.483613967895508,
Concrete,mix_attn_ffn,mean,4,0.9132851362228394,47169,0.9776797890663147,v6-mixattn,6.154569387435913,
Concrete,attn_ffn,mean,0,0.7576220035552979,34177,0.839504063129425,v6-mixattn,0.9992203712463379,
Concrete,attn_ffn,mean,1,0.847196638584137,34177,0.8683247566223145,v6-mixattn,3.413644552230835,
Concrete,attn_ffn,mean,2,0.7985199093818665,34177,0.916538655757904,v6-mixattn,1.828887701034546,
Concrete,attn_ffn,mean,3,0.8542335629463196,34177,0.8892539143562317,v6-mixattn,2.2260332107543945,
Concrete,attn_ffn,mean,4,0.8509035706520081,34177,0.9484810829162598,v6-mixattn,1.8785059452056885,
Concrete,ffn_only,mean,0,0.8159233927726746,17409,0.862450122833252,v6-mixattn,1.384469747543335,
Concrete,ffn_only,mean,1,0.8406397700309753,17409,0.8732355833053589,v6-mixattn,1.9636845588684082,
Concrete,ffn_only,mean,2,0.858252227306366,17409,0.9681457281112671,v6-mixattn,2.916168451309204,
Concrete,ffn_only,mean,3,0.8352788686752319,17409,0.8745983242988586,v6-mixattn,9.054707288742065,
Concrete,ffn_only,mean,4,0.8266423940658569,17409,0.9128720164299011,v6-mixattn,6.603322267532349,
Concrete,mix_attn,mean,0,0.8851636648178101,30465,0.9291893839836121,v6-mixattn,5.9715189933776855,
Concrete,mix_attn,mean,1,0.8952343463897705,30465,0.892884373664856,v6-mixattn,3.793275833129883,
Concrete,mix_attn,mean,2,0.8919447660446167,30465,0.9993569254875183,v6-mixattn,3.4358224868774414,
Concrete,mix_attn,mean,3,0.9020488262176514,30465,0.9220027923583984,v6-mixattn,4.149153709411621,
Concrete,mix_attn,mean,4,0.9054150581359863,30465,1.0313386917114258,v6-mixattn,6.655363321304321,
Airfoil,mix_ffn,mean,0,0.9456799030303955,30209,1.0033904314041138,v6-mixattn,2.759343385696411,
Airfoil,mix_ffn,mean,1,0.9533745646476746,30209,0.9658647775650024,v6-mixattn,9.263246536254883,
Airfoil,mix_ffn,mean,2,0.9299715161323547,30209,0.9572329521179199,v6-mixattn,4.220995664596558,
Airfoil,mix_ffn,mean,3,0.8782013654708862,30209,1.0143990516662598,v6-mixattn,2.432620048522949,
Airfoil,mix_ffn,mean,4,0.9331240653991699,30209,0.9894523620605469,v6-mixattn,11.482528924942017,
Airfoil,mix_attn_ffn,mean,0,0.9544849991798401,46977,1.0244320631027222,v6-mixattn,4.09657621383667,
Airfoil,mix_attn_ffn,mean,1,0.9486081600189209,46977,0.9978569746017456,v6-mixattn,3.8256478309631348,
Airfoil,mix_attn_ffn,mean,2,0.9395158886909485,46977,0.96061110496521,v6-mixattn,3.773904323577881,
Airfoil,mix_attn_ffn,mean,3,0.8742355108261108,46977,0.9666498303413391,v6-mixattn,2.224379777908325,
Airfoil,mix_attn_ffn,mean,4,0.9262335896492004,46977,0.9948408007621765,v6-mixattn,3.722459554672241,
Airfoil,attn_ffn,mean,0,0.8934279084205627,33985,0.9539573192596436,v6-mixattn,1.8802695274353027,
Airfoil,attn_ffn,mean,1,0.8674372434616089,33985,0.9417296648025513,v6-mixattn,2.6427903175354004,
Airfoil,attn_ffn,mean,2,0.8656731843948364,33985,0.8943199515342712,v6-mixattn,1.9016711711883545,
Airfoil,attn_ffn,mean,3,0.8170759677886963,33985,0.8741921782493591,v6-mixattn,2.1204802989959717,
Airfoil,attn_ffn,mean,4,0.8578545451164246,33985,0.901799738407135,v6-mixattn,2.0570125579833984,
Airfoil,ffn_only,mean,0,0.5621321201324463,17217,0.7312147617340088,v6-mixattn,1.5374183654785156,
Airfoil,ffn_only,mean,1,0.5573036074638367,17217,0.7535334825515747,v6-mixattn,1.0278851985931396,
Airfoil,ffn_only,mean,2,0.5246617794036865,17217,0.7186578512191772,v6-mixattn,1.5619337558746338,
Airfoil,ffn_only,mean,3,0.48433732986450195,17217,0.7652385830879211,v6-mixattn,6.346426486968994,
Airfoil,ffn_only,mean,4,0.5075812339782715,17217,0.7463625073432922,v6-mixattn,1.0589606761932373,
Airfoil,mix_attn,mean,0,0.9381510615348816,30273,1.0030138492584229,v6-mixattn,4.292565822601318,
Airfoil,mix_attn,mean,1,0.8891034722328186,30273,0.9683858156204224,v6-mixattn,2.3550913333892822,
Airfoil,mix_attn,mean,2,0.9269152879714966,30273,0.9529372453689575,v6-mixattn,6.706512928009033,
Airfoil,mix_attn,mean,3,0.8510175943374634,30273,0.9614030718803406,v6-mixattn,2.5280027389526367,
Airfoil,mix_attn,mean,4,0.9155965447425842,30273,0.9740021824836731,v6-mixattn,3.925105094909668,
Abalone,mix_ffn,mean,0,0.3291945457458496,30337,0.5987605452537537,v6-mixattn,12.141270875930786,
Abalone,mix_ffn,mean,1,0.34552478790283203,30337,0.6674096584320068,v6-mixattn,8.11402702331543,
Abalone,mix_ffn,mean,2,0.3302310109138489,30337,0.568804144859314,v6-mixattn,7.692498683929443,
Abalone,mix_ffn,mean,3,0.3479560613632202,30337,0.6297354102134705,v6-mixattn,8.1100594997406,
Abalone,mix_ffn,mean,4,0.32649606466293335,30337,0.6338534355163574,v6-mixattn,7.0091025829315186,
Abalone,mix_attn_ffn,mean,0,0.33020859956741333,47105,0.6205397844314575,v6-mixattn,7.143582582473755,
Abalone,mix_attn_ffn,mean,1,0.3369418978691101,47105,0.5901241302490234,v6-mixattn,5.7550883293151855,
Abalone,mix_attn_ffn,mean,2,0.3339114189147949,47105,0.6016204357147217,v6-mixattn,8.586024045944214,
Abalone,mix_attn_ffn,mean,3,0.35034501552581787,47105,0.6188970804214478,v6-mixattn,11.264686584472656,
Abalone,mix_attn_ffn,mean,4,0.30438923835754395,47105,0.6104321479797363,v6-mixattn,5.7927703857421875,
Abalone,attn_ffn,mean,0,0.34007030725479126,34113,0.6489155888557434,v6-mixattn,4.379722833633423,
Abalone,attn_ffn,mean,1,0.3668396472930908,34113,0.5919044613838196,v6-mixattn,7.853868007659912,
Abalone,attn_ffn,mean,2,0.3161250948905945,34113,0.6125296354293823,v6-mixattn,2.2799534797668457,
Abalone,attn_ffn,mean,3,0.33831787109375,34113,0.624790370464325,v6-mixattn,4.5002968311309814,
Abalone,attn_ffn,mean,4,0.3044593334197998,34113,0.5931659936904907,v6-mixattn,2.3832759857177734,
Abalone,ffn_only,mean,0,0.29952383041381836,17345,0.5437214970588684,v6-mixattn,5.362860679626465,
Abalone,ffn_only,mean,1,0.24952679872512817,17345,0.5146260261535645,v6-mixattn,1.0663022994995117,
Abalone,ffn_only,mean,2,0.277763307094574,17345,0.5420035123825073,v6-mixattn,3.004448175430298,
Abalone,ffn_only,mean,3,0.23118674755096436,17345,0.4516599476337433,v6-mixattn,0.6329736709594727,
Abalone,ffn_only,mean,4,0.26779550313949585,17345,0.5177682638168335,v6-mixattn,6.000809669494629,
Abalone,mix_attn,mean,0,0.32383525371551514,30401,0.6059545278549194,v6-mixattn,8.704293966293335,
Abalone,mix_attn,mean,1,0.33752578496932983,30401,0.6383340954780579,v6-mixattn,12.029186725616455,
Abalone,mix_attn,mean,2,0.3292691707611084,30401,0.6043086647987366,v6-mixattn,8.255519390106201,
Abalone,mix_attn,mean,3,0.3357093930244446,30401,0.6103982925415039,v6-mixattn,11.055894374847412,
Abalone,mix_attn,mean,4,0.318159282207489,30401,0.5679515600204468,v6-mixattn,7.750833034515381,
Kin8nm,mix_ffn,mean,0,0.9191463589668274,30401,0.9797211289405823,v6-mixattn,12.836124658584595,
Kin8nm,mix_ffn,mean,1,0.917543888092041,30401,1.0443940162658691,v6-mixattn,16.718984842300415,
Kin8nm,mix_ffn,mean,2,0.9172784686088562,30401,0.9529821276664734,v6-mixattn,16.29989242553711,
Kin8nm,mix_ffn,mean,3,0.9208698272705078,30401,0.9946261644363403,v6-mixattn,18.64910054206848,
Kin8nm,mix_ffn,mean,4,0.9186703562736511,30401,0.9733298420906067,v6-mixattn,23.42252278327942,
Kin8nm,mix_attn_ffn,mean,0,0.9152542352676392,47169,0.9779879450798035,v6-mixattn,21.345754384994507,
Kin8nm,mix_attn_ffn,mean,1,0.91767418384552,47169,1.0415894985198975,v6-mixattn,20.260242700576782,
Kin8nm,mix_attn_ffn,mean,2,0.9180755615234375,47169,0.9624332785606384,v6-mixattn,16.763642072677612,
Kin8nm,mix_attn_ffn,mean,3,0.9219435453414917,47169,0.997276782989502,v6-mixattn,18.94526696205139,
Kin8nm,mix_attn_ffn,mean,4,0.9230941534042358,47169,0.9559451937675476,v6-mixattn,13.944106817245483,
Kin8nm,attn_ffn,mean,0,0.8545670509338379,34177,0.9451507925987244,v6-mixattn,7.787177324295044,
Kin8nm,attn_ffn,mean,1,0.8472257852554321,34177,1.0056743621826172,v6-mixattn,5.53636622428894,
Kin8nm,attn_ffn,mean,2,0.8482961654663086,34177,0.9219966530799866,v6-mixattn,6.752026796340942,
Kin8nm,attn_ffn,mean,3,0.8403120040893555,34177,1.0015283823013306,v6-mixattn,7.359896421432495,
Kin8nm,attn_ffn,mean,4,0.6945595741271973,34177,0.7866952419281006,v6-mixattn,12.942242622375488,
Kin8nm,ffn_only,mean,0,0.4845220446586609,17409,0.6496223211288452,v6-mixattn,3.925264596939087,
Kin8nm,ffn_only,mean,1,0.48018771409988403,17409,0.6429988741874695,v6-mixattn,2.897130012512207,
Kin8nm,ffn_only,mean,2,0.4282802939414978,17409,0.6623257994651794,v6-mixattn,2.2538108825683594,
Kin8nm,ffn_only,mean,3,0.43429428339004517,17409,0.6407794952392578,v6-mixattn,2.2491722106933594,
Kin8nm,ffn_only,mean,4,0.4451148509979248,17409,0.6470784544944763,v6-mixattn,4.251792907714844,
Kin8nm,mix_attn,mean,0,0.9013177156448364,30465,0.9597007632255554,v6-mixattn,21.924488306045532,
Kin8nm,mix_attn,mean,1,0.9106966257095337,30465,0.9934319257736206,v6-mixattn,16.796347618103027,
Kin8nm,mix_attn,mean,2,0.8961336612701416,30465,0.9420486092567444,v6-mixattn,23.11953067779541,
Kin8nm,mix_attn,mean,3,0.9075716137886047,30465,0.9751300811767578,v6-mixattn,20.585987329483032,
Kin8nm,mix_attn,mean,4,0.9039919972419739,30465,0.9763015508651733,v6-mixattn,27.898905277252197,
Protein,mix_ffn,mean,0,0.48244279623031616,30465,0.7456453442573547,v6-mixattn,20.663161277770996,
Protein,mix_ffn,mean,1,0.4557288885116577,30465,0.7815172672271729,v6-mixattn,25.521339416503906,
Protein,mix_ffn,mean,2,0.4374053478240967,30465,0.7554640173912048,v6-mixattn,19.15294098854065,
Protein,mix_ffn,mean,3,0.4627363085746765,30465,0.7974749207496643,v6-mixattn,27.771331310272217,
Protein,mix_ffn,mean,4,0.44287240505218506,30465,0.7493772506713867,v6-mixattn,21.556325912475586,
Protein,mix_attn_ffn,mean,0,0.44206100702285767,47233,0.7398983836174011,v6-mixattn,17.70016050338745,
Protein,mix_attn_ffn,mean,1,0.43859201669692993,47233,0.7382297515869141,v6-mixattn,26.506223440170288,
Protein,mix_attn_ffn,mean,2,0.4488423466682434,47233,0.7606299519538879,v6-mixattn,21.776142358779907,
Protein,mix_attn_ffn,mean,3,0.45520901679992676,47233,0.7353590130805969,v6-mixattn,22.81566572189331,
Protein,mix_attn_ffn,mean,4,0.4405898451805115,47233,0.873620331287384,v6-mixattn,26.40721082687378,
Protein,attn_ffn,mean,0,0.38101768493652344,34241,0.650191605091095,v6-mixattn,7.332123756408691,
Protein,attn_ffn,mean,1,0.3316171169281006,34241,0.5911715626716614,v6-mixattn,4.026181221008301,
Protein,attn_ffn,mean,2,0.3787977695465088,34241,0.6629117727279663,v6-mixattn,8.959749937057495,
Protein,attn_ffn,mean,3,0.37200504541397095,34241,0.6261793971061707,v6-mixattn,6.42451548576355,
Protein,attn_ffn,mean,4,0.32341641187667847,34241,0.561601996421814,v6-mixattn,2.8329875469207764,
Protein,ffn_only,mean,0,0.29367679357528687,17473,0.5561915040016174,v6-mixattn,5.139483451843262,
Protein,ffn_only,mean,1,0.28566974401474,17473,0.5076611638069153,v6-mixattn,4.196027755737305,
Protein,ffn_only,mean,2,0.28497087955474854,17473,0.5298883318901062,v6-mixattn,3.9956679344177246,
Protein,ffn_only,mean,3,0.31916821002960205,17473,0.5583831667900085,v6-mixattn,7.217576503753662,
Protein,ffn_only,mean,4,0.31156104803085327,17473,0.5796904563903809,v6-mixattn,6.711706876754761,
Protein,mix_attn,mean,0,0.43128079175949097,30529,0.7381922006607056,v6-mixattn,24.67746591567993,
Protein,mix_attn,mean,1,0.4080045819282532,30529,0.6738341450691223,v6-mixattn,19.69991946220398,
Protein,mix_attn,mean,2,0.3963540196418762,30529,0.70089191198349,v6-mixattn,25.403671979904175,
Protein,mix_attn,mean,3,0.42181599140167236,30529,0.6945397257804871,v6-mixattn,24.51129698753357,
Protein,mix_attn,mean,4,0.41193872690200806,30529,0.6473074555397034,v6-mixattn,16.37617301940918,
