kind,code_version,dataset,config,seed_idx,r2,params,d_model,ncomp,ftt_target,wall_s,error
a6ystd,v2-a6-ystd,California,A6,0,0.7615419626235962,101249,128,260,101697,29.984171152114868,
a6ystd,v2-a6-ystd,California,A6,1,0.7784560322761536,101249,128,260,101697,27.206064701080322,
a6ystd,v2-a6-ystd,California,A6,2,0.7905774116516113,101249,128,260,101697,34.505900621414185,
a6ystd,v2-a6-ystd,California,A6,3,0.7360775470733643,101249,128,260,101697,27.555770874023438,
a6ystd,v2-a6-ystd,California,A6,4,0.7736214995384216,101249,128,260,101697,31.154417753219604,
a6ystd,v2-a6-ystd,Yacht,A6,0,0.9914402365684509,100993,128,260,101441,7.7833571434021,
a6ystd,v2-a6-ystd,Yacht,A6,1,0.9788908362388611,100993,128,260,101441,12.00017237663269,
a6ystd,v2-a6-ystd,Yacht,A6,2,0.9948447942733765,100993,128,260,101441,11.760076999664307,
a6ystd,v2-a6-ystd,Yacht,A6,3,0.9853397607803345,100993,128,260,101441,8.88189148902893,
a6ystd,v2-a6-ystd,Yacht,A6,4,0.9964005947113037,100993,128,260,101441,7.780135869979858,
a6ystd,v2-a6-ystd,Energy,A6,0,0.9938236474990845,101249,128,260,101697,13.980757474899292,
a6ystd,v2-a6-ystd,Energy,A6,1,0.9954056143760681,101249,128,260,101697,13.932460308074951,
a6ystd,v2-a6-ystd,Energy,A6,2,0.9940018653869629,101249,128,260,101697,12.53552532196045,
a6ystd,v2-a6-ystd,Energy,A6,3,0.9964659810066223,101249,128,260,101697,12.131199598312378,
a6ystd,v2-a6-ystd,Energy,A6,4,0.9938564300537109,101249,128,260,101697,12.259580373764038,
a6ystd,v2-a6-ystd,Concrete,A6,0,0.8912128210067749,101249,128,260,101697,13.418797969818115,
a6ystd,v2-a6-ystd,Concrete,A6,1,0.9019154906272888,101249,128,260,101697,12.56425166130066,
a6ystd,v2-a6-ystd,Concrete,A6,2,0.9171726703643799,101249,128,260,101697,16.210914611816406,
a6ystd,v2-a6-ystd,Concrete,A6,3,0.9112840294837952,101249,128,260,101697,11.680375099182129,
a6ystd,v2-a6-ystd,Concrete,A6,4,0.9166800379753113,101249,128,260,101697,14.619874238967896,
a6ystd,v2-a6-ystd,Airfoil,A6,0,0.9547293782234192,100865,128,260,101313,10.60439157485962,
a6ystd,v2-a6-ystd,Airfoil,A6,1,0.941304624080658,100865,128,260,101313,9.87424921989441,
a6ystd,v2-a6-ystd,Airfoil,A6,2,0.930883526802063,100865,128,260,101313,9.671555519104004,
a6ystd,v2-a6-ystd,Airfoil,A6,3,0.8446502685546875,100865,128,260,101313,11.219145774841309,
a6ystd,v2-a6-ystd,Airfoil,A6,4,0.9320849180221558,100865,128,260,101313,12.032430410385132,
a6ystd,v2-a6-ystd,Abalone,A6,0,0.327279269695282,101121,128,260,101569,23.0211341381073,
a6ystd,v2-a6-ystd,Abalone,A6,1,0.34864115715026855,101121,128,260,101569,22.256675004959106,
a6ystd,v2-a6-ystd,Abalone,A6,2,0.3308335542678833,101121,128,260,101569,25.529353380203247,
a6ystd,v2-a6-ystd,Abalone,A6,3,0.32605433464050293,101121,128,260,101569,19.067126035690308,
a6ystd,v2-a6-ystd,Abalone,A6,4,0.315238893032074,101121,128,260,101569,18.2262065410614,
a6ystd,v2-a6-ystd,Kin8nm,A6,0,0.9128590226173401,101249,128,260,101697,20.223975896835327,
a6ystd,v2-a6-ystd,Kin8nm,A6,1,0.9135238528251648,101249,128,260,101697,33.78847336769104,
a6ystd,v2-a6-ystd,Kin8nm,A6,2,0.915721595287323,101249,128,260,101697,27.497700452804565,
a6ystd,v2-a6-ystd,Kin8nm,A6,3,0.920939564704895,101249,128,260,101697,33.350659132003784,
a6ystd,v2-a6-ystd,Kin8nm,A6,4,0.9226739406585693,101249,128,260,101697,28.195708990097046,
a6ystd,v2-a6-ystd,Protein,A6,0,0.476030170917511,101377,128,260,101825,45.56070899963379,
a6ystd,v2-a6-ystd,Protein,A6,1,0.46479862928390503,101377,128,260,101825,32.938287019729614,
a6ystd,v2-a6-ystd,Protein,A6,2,0.45302969217300415,101377,128,260,101825,41.83629059791565,
a6ystd,v2-a6-ystd,Protein,A6,3,0.4923917055130005,101377,128,260,101825,37.90441417694092,
a6ystd,v2-a6-ystd,Protein,A6,4,0.4581793546676636,101377,128,260,101825,39.55156207084656,
