kind,code_version,dataset,model,seed_idx,r2,wall_s,error
mlpystd,v2-mlp-ystd,California,MLP,0,0.7661134600639343,17.609493494033813,
mlpystd,v2-mlp-ystd,California,MLP,1,0.772671639919281,13.08540940284729,
mlpystd,v2-mlp-ystd,California,MLP,2,0.782767653465271,14.197730302810669,
mlpystd,v2-mlp-ystd,California,MLP,3,0.7219637632369995,12.492255926132202,
mlpystd,v2-mlp-ystd,California,MLP,4,0.7694724202156067,19.560559034347534,
mlpystd,v2-mlp-ystd,Yacht,MLP,0,0.9565929174423218,11.388253211975098,
mlpystd,v2-mlp-ystd,Yacht,MLP,1,0.978553056716919,10.559751272201538,
mlpystd,v2-mlp-ystd,Yacht,MLP,2,0.9687925577163696,8.643971920013428,
mlpystd,v2-mlp-ystd,Yacht,MLP,3,0.969560980796814,10.260732173919678,
mlpystd,v2-mlp-ystd,Yacht,MLP,4,0.9745512008666992,6.453503608703613,
mlpystd,v2-mlp-ystd,Energy,MLP,0,0.9941171407699585,2.1363465785980225,
mlpystd,v2-mlp-ystd,Energy,MLP,1,0.9905270934104919,3.2032527923583984,
mlpystd,v2-mlp-ystd,Energy,MLP,2,0.9924958348274231,1.8836259841918945,
mlpystd,v2-mlp-ystd,Energy,MLP,3,0.9952640533447266,3.6700100898742676,
mlpystd,v2-mlp-ystd,Energy,MLP,4,0.9962471127510071,3.208056926727295,
mlpystd,v2-mlp-ystd,Concrete,MLP,0,0.869288444519043,2.4646735191345215,
mlpystd,v2-mlp-ystd,Concrete,MLP,1,0.8844892382621765,2.1052751541137695,
mlpystd,v2-mlp-ystd,Concrete,MLP,2,0.9256359934806824,2.008535146713257,
mlpystd,v2-mlp-ystd,Concrete,MLP,3,0.8965877294540405,3.937541961669922,
mlpystd,v2-mlp-ystd,Concrete,MLP,4,0.9004441499710083,2.4578938484191895,
mlpystd,v2-mlp-ystd,Airfoil,MLP,0,0.9355725049972534,5.695334196090698,
mlpystd,v2-mlp-ystd,Airfoil,MLP,1,0.9276589155197144,5.34987998008728,
mlpystd,v2-mlp-ystd,Airfoil,MLP,2,0.9222625494003296,4.132742881774902,
mlpystd,v2-mlp-ystd,Airfoil,MLP,3,0.8629640936851501,2.538964033126831,
mlpystd,v2-mlp-ystd,Airfoil,MLP,4,0.9372040033340454,14.64296841621399,
mlpystd,v2-mlp-ystd,Abalone,MLP,0,0.32157766819000244,5.66600775718689,
mlpystd,v2-mlp-ystd,Abalone,MLP,1,0.35338687896728516,5.573741912841797,
mlpystd,v2-mlp-ystd,Abalone,MLP,2,0.3167651891708374,9.3531334400177,
mlpystd,v2-mlp-ystd,Abalone,MLP,3,0.30426108837127686,9.555199384689331,
mlpystd,v2-mlp-ystd,Abalone,MLP,4,0.31810957193374634,5.560563087463379,
mlpystd,v2-mlp-ystd,Kin8nm,MLP,0,0.9127260446548462,22.474435091018677,
mlpystd,v2-mlp-ystd,Kin8nm,MLP,1,0.9131789803504944,11.147181272506714,
mlpystd,v2-mlp-ystd,Kin8nm,MLP,2,0.9126179218292236,17.489807605743408,
mlpystd,v2-mlp-ystd,Kin8nm,MLP,3,0.9185385704040527,15.447159051895142,
mlpystd,v2-mlp-ystd,Kin8nm,MLP,4,0.9051200151443481,9.292508363723755,
mlpystd,v2-mlp-ystd,Protein,MLP,0,0.522272527217865,17.441312789916992,
mlpystd,v2-mlp-ystd,Protein,MLP,1,0.4549887180328369,15.3087477684021,
mlpystd,v2-mlp-ystd,Protein,MLP,2,0.47486960887908936,11.998520135879517,
mlpystd,v2-mlp-ystd,Protein,MLP,3,0.47876447439193726,10.301685094833374,
mlpystd,v2-mlp-ystd,Protein,MLP,4,0.4993664622306824,23.355077505111694,
