dataset,model,seed_idx,P,n_train,r2,limits_overridden,default_refused,code_version,wall_s,error
CPU_act,TabPFN,0,21,4000,0.9840163588523865,False,False,v1-fm-highdim,11.200126647949219,
CPU_act,TabPFN,1,21,4000,0.987456738948822,False,False,v1-fm-highdim,13.954310655593872,
CPU_act,TabPFN,2,21,4000,0.9863308668136597,False,False,v1-fm-highdim,12.583751201629639,
CPU_act,TabPFN,3,21,4000,0.9845815300941467,False,False,v1-fm-highdim,14.452666521072388,
CPU_act,TabPFN,4,21,4000,0.9831150770187378,False,False,v1-fm-highdim,8.692041158676147,
CPU_act,TabICL,0,21,4000,0.9836940169334412,False,False,v1-fm-highdim,9.775407075881958,
CPU_act,TabICL,1,21,4000,0.9873358607292175,False,False,v1-fm-highdim,8.398208141326904,
CPU_act,TabICL,2,21,4000,0.9861173629760742,False,False,v1-fm-highdim,7.84536337852478,
CPU_act,TabICL,3,21,4000,0.9844729900360107,False,False,v1-fm-highdim,9.622063398361206,
CPU_act,TabICL,4,21,4000,0.9822134375572205,False,False,v1-fm-highdim,11.181998491287231,
Bank32nh,TabPFN,0,32,4000,0.5808792114257812,False,False,v1-fm-highdim,13.674410104751587,
Bank32nh,TabPFN,1,32,4000,0.5216058492660522,False,False,v1-fm-highdim,10.910593509674072,
Bank32nh,TabPFN,2,32,4000,0.5541136264801025,False,False,v1-fm-highdim,15.705140590667725,
Bank32nh,TabPFN,3,32,4000,0.578222393989563,False,False,v1-fm-highdim,12.445584058761597,
Bank32nh,TabPFN,4,32,4000,0.5872756242752075,False,False,v1-fm-highdim,11.580965757369995,
Bank32nh,TabICL,0,32,4000,0.5737088918685913,False,False,v1-fm-highdim,9.744484901428223,
Bank32nh,TabICL,1,32,4000,0.5206464529037476,False,False,v1-fm-highdim,7.633874893188477,
Bank32nh,TabICL,2,32,4000,0.5568047761917114,False,False,v1-fm-highdim,9.675871849060059,
Bank32nh,TabICL,3,32,4000,0.5694279670715332,False,False,v1-fm-highdim,9.394489526748657,
Bank32nh,TabICL,4,32,4000,0.5872610807418823,False,False,v1-fm-highdim,9.593106508255005,
Ailerons,TabPFN,0,40,4000,0.857791006565094,False,False,v1-fm-highdim,12.851337432861328,
Ailerons,TabPFN,1,40,4000,0.8749252557754517,False,False,v1-fm-highdim,13.777007341384888,
Ailerons,TabPFN,2,40,4000,0.8739445805549622,False,False,v1-fm-highdim,13.498295783996582,
Ailerons,TabPFN,3,40,4000,0.8629813194274902,False,False,v1-fm-highdim,12.665471076965332,
Ailerons,TabPFN,4,40,4000,0.8648192882537842,False,False,v1-fm-highdim,13.75771450996399,
Ailerons,TabICL,0,40,4000,0.855825662612915,False,False,v1-fm-highdim,8.699338674545288,
Ailerons,TabICL,1,40,4000,0.873039186000824,False,False,v1-fm-highdim,12.040121793746948,
Ailerons,TabICL,2,40,4000,0.8708003163337708,False,False,v1-fm-highdim,10.501683473587036,
Ailerons,TabICL,3,40,4000,0.8610628247261047,False,False,v1-fm-highdim,6.49230432510376,
Ailerons,TabICL,4,40,4000,0.8645477294921875,False,False,v1-fm-highdim,10.077097415924072,
Pol,TabPFN,0,48,4000,0.9953138828277588,False,False,v1-fm-highdim,12.370367527008057,
Pol,TabPFN,1,48,4000,0.9920899271965027,False,False,v1-fm-highdim,1.5359077453613281,
Pol,TabPFN,2,48,4000,0.9949268698692322,False,False,v1-fm-highdim,1.5494327545166016,
Pol,TabPFN,3,48,4000,0.9945322275161743,False,False,v1-fm-highdim,14.0025315284729,
Pol,TabPFN,4,48,4000,0.9929181933403015,False,False,v1-fm-highdim,5.921885251998901,
Pol,TabICL,0,48,4000,0.9874948263168335,False,False,v1-fm-highdim,0.7508761882781982,
Pol,TabICL,1,48,4000,0.9898799061775208,False,False,v1-fm-highdim,7.444876432418823,
Pol,TabICL,2,48,4000,0.9906600713729858,False,False,v1-fm-highdim,11.158456563949585,
Pol,TabICL,3,48,4000,0.989893913269043,False,False,v1-fm-highdim,2.2384793758392334,
Pol,TabICL,4,48,4000,0.989067792892456,False,False,v1-fm-highdim,2.2932939529418945,
Superconductivity,TabPFN,0,81,4000,0.9067248106002808,False,False,v1-fm-highdim,24.757927894592285,
Superconductivity,TabPFN,1,81,4000,0.8663069009780884,False,False,v1-fm-highdim,14.535814762115479,
Superconductivity,TabPFN,2,81,4000,0.8842571377754211,False,False,v1-fm-highdim,6.78255033493042,
Superconductivity,TabPFN,3,81,4000,0.8655118346214294,False,False,v1-fm-highdim,15.135924816131592,
Superconductivity,TabPFN,4,81,4000,0.899260401725769,False,False,v1-fm-highdim,13.370012521743774,
Superconductivity,TabICL,0,81,4000,0.9110190868377686,False,False,v1-fm-highdim,2.1588258743286133,
Superconductivity,TabICL,1,81,4000,0.8681118488311768,False,False,v1-fm-highdim,9.1282217502594,
Superconductivity,TabICL,2,81,4000,0.888388454914093,False,False,v1-fm-highdim,1.400393009185791,
Superconductivity,TabICL,3,81,4000,0.8717460632324219,False,False,v1-fm-highdim,6.640682697296143,
Superconductivity,TabICL,4,81,4000,0.9051448702812195,False,False,v1-fm-highdim,1.461585283279419,
Friedman-P20,TabPFN,0,20,4000,0.95975261926651,False,False,v1-fm-highdim,6.616136789321899,
Friedman-P20,TabPFN,1,20,4000,0.9588707685470581,False,False,v1-fm-highdim,11.788784980773926,
Friedman-P20,TabPFN,2,20,4000,0.9597246050834656,False,False,v1-fm-highdim,5.017062187194824,
Friedman-P20,TabPFN,3,20,4000,0.9566885828971863,False,False,v1-fm-highdim,11.924844026565552,
Friedman-P20,TabPFN,4,20,4000,0.959256112575531,False,False,v1-fm-highdim,1.5938880443572998,
Friedman-P20,TabICL,0,20,4000,0.9584227204322815,False,False,v1-fm-highdim,8.36123538017273,
Friedman-P20,TabICL,1,20,4000,0.9574376940727234,False,False,v1-fm-highdim,1.0560216903686523,
Friedman-P20,TabICL,2,20,4000,0.9587581753730774,False,False,v1-fm-highdim,0.8220572471618652,
Friedman-P20,TabICL,3,20,4000,0.9555268883705139,False,False,v1-fm-highdim,8.372347593307495,
Friedman-P20,TabICL,4,20,4000,0.9586937427520752,False,False,v1-fm-highdim,0.8519370555877686,
Friedman-P50,TabPFN,0,50,4000,0.9559082388877869,False,False,v1-fm-highdim,12.140608787536621,
Friedman-P50,TabPFN,1,50,4000,0.9581164121627808,False,False,v1-fm-highdim,2.5044329166412354,
Friedman-P50,TabPFN,2,50,4000,0.9600614905357361,False,False,v1-fm-highdim,14.652437448501587,
Friedman-P50,TabPFN,3,50,4000,0.9544241428375244,False,False,v1-fm-highdim,2.3147759437561035,
Friedman-P50,TabPFN,4,50,4000,0.9589348435401917,False,False,v1-fm-highdim,8.715458631515503,
Friedman-P50,TabICL,0,50,4000,0.953460693359375,False,False,v1-fm-highdim,1.0593020915985107,
Friedman-P50,TabICL,1,50,4000,0.9546290040016174,False,False,v1-fm-highdim,1.4236969947814941,
Friedman-P50,TabICL,2,50,4000,0.9583166241645813,False,False,v1-fm-highdim,2.864314556121826,
Friedman-P50,TabICL,3,50,4000,0.9539380669593811,False,False,v1-fm-highdim,1.761472225189209,
Friedman-P50,TabICL,4,50,4000,0.9572584629058838,False,False,v1-fm-highdim,1.3589918613433838,
