dataset,model,variant,use_res,use_ln,seed_idx,r2,params,diverged,wall_s,error
California,FTT,full,True,True,0,0.7545344233512878,101697,False,10.094109773635864,
California,FTT,full,True,True,1,0.784538984298706,101697,False,14.54019570350647,
California,FTT,full,True,True,2,0.7768895626068115,101697,False,14.2162344455719,
California,FTT,full,True,True,3,0.7501927018165588,101697,False,14.71341323852539,
California,FTT,full,True,True,4,0.7840360999107361,101697,False,13.630814552307129,
California,FTT,no_res,False,True,0,0.7460577487945557,101697,False,13.113280534744263,
California,FTT,no_res,False,True,1,0.737635612487793,101697,False,13.78527283668518,
California,FTT,no_res,False,True,2,0.7728893756866455,101697,False,13.490320920944214,
California,FTT,no_res,False,True,3,0.7320077419281006,101697,False,10.17967176437378,
California,FTT,no_res,False,True,4,0.7579790949821472,101697,False,15.033087015151978,
California,FTT,no_ln,True,False,0,0.7496948838233948,100801,False,18.296716928482056,
California,FTT,no_ln,True,False,1,0.7827781438827515,100801,False,19.771323680877686,
California,FTT,no_ln,True,False,2,0.7740194201469421,100801,False,14.920527935028076,
California,FTT,no_ln,True,False,3,0.725794792175293,100801,False,19.54574680328369,
California,FTT,no_ln,True,False,4,0.7059365510940552,100801,False,12.98461627960205,
California,FTT,neither,False,False,0,0.7539222240447998,100801,False,16.02655863761902,
California,FTT,neither,False,False,1,0.778554379940033,100801,False,21.068626642227173,
California,FTT,neither,False,False,2,0.7823210954666138,100801,False,18.452744960784912,
California,FTT,neither,False,False,3,0.7544029951095581,100801,False,16.618043661117554,
California,FTT,neither,False,False,4,0.7719639539718628,100801,False,16.028389930725098,
California,RB,full,True,True,0,0.7584013938903809,30401,False,21.676074266433716,
California,RB,full,True,True,1,0.7815690636634827,30401,False,20.448913097381592,
California,RB,full,True,True,2,0.7884097099304199,30401,False,20.22003197669983,
California,RB,full,True,True,3,0.7360310554504395,30401,False,22.90423560142517,
California,RB,full,True,True,4,0.764718234539032,30401,False,15.943884134292603,
California,RB,no_res,False,True,0,0.7284379005432129,30401,False,10.210858345031738,
California,RB,no_res,False,True,1,0.7805385589599609,30401,False,15.842637300491333,
California,RB,no_res,False,True,2,0.7689016461372375,30401,False,10.771332740783691,
California,RB,no_res,False,True,3,0.7415931224822998,30401,False,18.112653732299805,
California,RB,no_res,False,True,4,0.7645332217216492,30401,False,11.24700379371643,
California,RB,no_ln,True,False,0,0.7393773794174194,30145,False,10.639424085617065,
California,RB,no_ln,True,False,1,-0.27816128730773926,30145,False,10.720343828201294,
California,RB,no_ln,True,False,2,0.7332223653793335,30145,False,10.64293646812439,
California,RB,no_ln,True,False,3,-0.10942363739013672,30145,False,18.77796244621277,
California,RB,no_ln,True,False,4,-0.05569636821746826,30145,False,23.5480375289917,
California,RB,neither,False,False,0,0.7238509654998779,30145,False,12.074223041534424,
California,RB,neither,False,False,1,-2.3679420948028564,30145,False,15.179474592208862,
California,RB,neither,False,False,2,0.7703955769538879,30145,False,11.742109298706055,
California,RB,neither,False,False,3,0.06795257329940796,30145,False,18.0805606842041,
California,RB,neither,False,False,4,-0.20391380786895752,30145,False,14.883976459503174,
Yacht,FTT,full,True,True,0,0.9955122470855713,101441,False,0.8205623626708984,
Yacht,FTT,full,True,True,1,0.9962263107299805,101441,False,1.4861853122711182,
Yacht,FTT,full,True,True,2,0.9631665945053101,101441,False,0.6250019073486328,
Yacht,FTT,full,True,True,3,0.9566320776939392,101441,False,0.5796294212341309,
Yacht,FTT,full,True,True,4,0.9819678068161011,101441,False,0.7761788368225098,
Yacht,FTT,no_res,False,True,0,0.9767636060714722,101441,False,0.3867654800415039,
Yacht,FTT,no_res,False,True,1,0.9903619289398193,101441,False,0.7085802555084229,
Yacht,FTT,no_res,False,True,2,0.9476828575134277,101441,False,0.4650459289550781,
Yacht,FTT,no_res,False,True,3,0.948786735534668,101441,False,0.29197049140930176,
Yacht,FTT,no_res,False,True,4,0.9893441796302795,101441,False,0.5635666847229004,
Yacht,FTT,no_ln,True,False,0,0.992163896560669,100545,False,0.5739598274230957,
Yacht,FTT,no_ln,True,False,1,0.9956331253051758,100545,False,0.6644070148468018,
Yacht,FTT,no_ln,True,False,2,0.9845479130744934,100545,False,0.7385900020599365,
Yacht,FTT,no_ln,True,False,3,0.9940240979194641,100545,False,0.804222822189331,
Yacht,FTT,no_ln,True,False,4,0.9860957860946655,100545,False,0.7990529537200928,
Yacht,FTT,neither,False,False,0,0.9662557244300842,100545,False,0.6369984149932861,
Yacht,FTT,neither,False,False,1,0.9973867535591125,100545,False,0.7039577960968018,
Yacht,FTT,neither,False,False,2,0.9840946197509766,100545,False,0.8648390769958496,
Yacht,FTT,neither,False,False,3,-0.056815505027770996,100545,False,0.17249822616577148,
Yacht,FTT,neither,False,False,4,-0.07778704166412354,100545,False,0.1319739818572998,
Yacht,RB,full,True,True,0,0.9907224178314209,30273,False,1.3311660289764404,
Yacht,RB,full,True,True,1,0.9771669507026672,30273,False,1.212589979171753,
Yacht,RB,full,True,True,2,0.9869263172149658,30273,False,1.0041077136993408,
Yacht,RB,full,True,True,3,0.9932758212089539,30273,False,1.2875142097473145,
Yacht,RB,full,True,True,4,0.9958721995353699,30273,False,1.3278923034667969,
Yacht,RB,no_res,False,True,0,0.98738032579422,30273,False,0.9173159599304199,
Yacht,RB,no_res,False,True,1,0.9687827229499817,30273,False,0.5755622386932373,
Yacht,RB,no_res,False,True,2,0.967533528804779,30273,False,6.000624895095825,
Yacht,RB,no_res,False,True,3,0.9765446186065674,30273,False,1.1877405643463135,
Yacht,RB,no_res,False,True,4,0.9848267436027527,30273,False,0.8443379402160645,
Yacht,RB,no_ln,True,False,0,0.9905067086219788,30017,False,1.2715411186218262,
Yacht,RB,no_ln,True,False,1,0.9943779706954956,30017,False,1.0410230159759521,
Yacht,RB,no_ln,True,False,2,0.9930372834205627,30017,False,1.0170342922210693,
Yacht,RB,no_ln,True,False,3,0.9945275187492371,30017,False,6.241132736206055,
Yacht,RB,no_ln,True,False,4,0.7250796556472778,30017,False,0.3503451347351074,
Yacht,RB,neither,False,False,0,0.9813435077667236,30017,False,0.9566044807434082,
Yacht,RB,neither,False,False,1,0.9970334768295288,30017,False,1.358982801437378,
Yacht,RB,neither,False,False,2,0.9858687520027161,30017,False,1.2990386486053467,
Yacht,RB,neither,False,False,3,0.9135721325874329,30017,False,0.5204551219940186,
Yacht,RB,neither,False,False,4,0.9925968050956726,30017,False,1.5058701038360596,
Energy,FTT,full,True,True,0,0.9856667518615723,101697,False,1.8028578758239746,
Energy,FTT,full,True,True,1,0.9730523228645325,101697,False,1.422168493270874,
Energy,FTT,full,True,True,2,0.9934432506561279,101697,False,3.1821601390838623,
Energy,FTT,full,True,True,3,0.9943082332611084,101697,False,2.62210750579834,
Energy,FTT,full,True,True,4,0.9954351186752319,101697,False,2.7886223793029785,
Energy,FTT,no_res,False,True,0,0.9685620069503784,101697,False,1.3627889156341553,
Energy,FTT,no_res,False,True,1,0.9269816279411316,101697,False,1.1025927066802979,
Energy,FTT,no_res,False,True,2,0.9193854331970215,101697,False,0.6402666568756104,
Energy,FTT,no_res,False,True,3,0.9250916838645935,101697,False,0.986527681350708,
Energy,FTT,no_res,False,True,4,0.9770841002464294,101697,False,2.643298387527466,
Energy,FTT,no_ln,True,False,0,0.9950966238975525,100801,False,3.7680485248565674,
Energy,FTT,no_ln,True,False,1,0.9913761019706726,100801,False,2.622258186340332,
Energy,FTT,no_ln,True,False,2,0.992192268371582,100801,False,2.9841763973236084,
Energy,FTT,no_ln,True,False,3,0.9195280075073242,100801,False,0.8823270797729492,
Energy,FTT,no_ln,True,False,4,0.995065450668335,100801,False,3.6698532104492188,
Energy,FTT,neither,False,False,0,0.9306120276451111,100801,False,1.3747711181640625,
Energy,FTT,neither,False,False,1,0.9356282949447632,100801,False,2.205068349838257,
Energy,FTT,neither,False,False,2,0.9314886331558228,100801,False,1.015423059463501,
Energy,FTT,neither,False,False,3,0.9100118279457092,100801,False,1.0532517433166504,
Energy,FTT,neither,False,False,4,0.9336556792259216,100801,False,1.8206696510314941,
Energy,RB,full,True,True,0,0.9937910437583923,30401,False,3.2406022548675537,
Energy,RB,full,True,True,1,0.9960424304008484,30401,False,4.915963172912598,
Energy,RB,full,True,True,2,0.9957981705665588,30401,False,5.025699615478516,
Energy,RB,full,True,True,3,0.993681013584137,30401,False,3.618253707885742,
Energy,RB,full,True,True,4,0.9938340783119202,30401,False,3.08762788772583,
Energy,RB,no_res,False,True,0,0.9932244420051575,30401,False,16.019914388656616,
Energy,RB,no_res,False,True,1,0.9856786727905273,30401,False,3.004633903503418,
Energy,RB,no_res,False,True,2,0.9895200133323669,30401,False,5.275195837020874,
Energy,RB,no_res,False,True,3,0.9881066679954529,30401,False,3.568781852722168,
Energy,RB,no_res,False,True,4,0.9902649521827698,30401,False,4.509789228439331,
Energy,RB,no_ln,True,False,0,0.9931573867797852,30145,False,3.049262762069702,
Energy,RB,no_ln,True,False,1,0.9953254461288452,30145,False,4.0743629932403564,
Energy,RB,no_ln,True,False,2,0.9956055879592896,30145,False,4.27723503112793,
Energy,RB,no_ln,True,False,3,0.9954136610031128,30145,False,3.3688948154449463,
Energy,RB,no_ln,True,False,4,0.9948346018791199,30145,False,3.942516803741455,
Energy,RB,neither,False,False,0,0.9926154613494873,30145,False,4.270022869110107,
Energy,RB,neither,False,False,1,0.9945782423019409,30145,False,3.7791404724121094,
Energy,RB,neither,False,False,2,0.9892827272415161,30145,False,4.007857799530029,
Energy,RB,neither,False,False,3,0.9935057759284973,30145,False,4.7339088916778564,
Energy,RB,neither,False,False,4,0.992257833480835,30145,False,9.311936855316162,
Concrete,FTT,full,True,True,0,0.8683676719665527,101697,False,3.6468770503997803,
Concrete,FTT,full,True,True,1,0.8653643727302551,101697,False,2.7794201374053955,
Concrete,FTT,full,True,True,2,0.9256287813186646,101697,False,3.051500082015991,
Concrete,FTT,full,True,True,3,0.8974093198776245,101697,False,2.9924159049987793,
Concrete,FTT,full,True,True,4,0.8966019153594971,101697,False,2.0298802852630615,
Concrete,FTT,no_res,False,True,0,0.8237535953521729,101697,False,1.6900832653045654,
Concrete,FTT,no_res,False,True,1,0.8439615964889526,101697,False,1.646080493927002,
Concrete,FTT,no_res,False,True,2,0.8742567300796509,101697,False,1.4357702732086182,
Concrete,FTT,no_res,False,True,3,0.8961989283561707,101697,False,2.1708669662475586,
Concrete,FTT,no_res,False,True,4,0.8513305187225342,101697,False,1.2860426902770996,
Concrete,FTT,no_ln,True,False,0,0.8780739307403564,100801,False,9.694541215896606,
Concrete,FTT,no_ln,True,False,1,0.8778221607208252,100801,False,1.7528748512268066,
Concrete,FTT,no_ln,True,False,2,0.9117675423622131,100801,False,2.099590301513672,
Concrete,FTT,no_ln,True,False,3,0.8905946016311646,100801,False,1.7603917121887207,
Concrete,FTT,no_ln,True,False,4,0.8996115922927856,100801,False,9.073935508728027,
Concrete,FTT,neither,False,False,0,0.8599876165390015,100801,False,3.25470232963562,
Concrete,FTT,neither,False,False,1,0.8424882888793945,100801,False,2.3441245555877686,
Concrete,FTT,neither,False,False,2,0.9165666699409485,100801,False,5.805479526519775,
Concrete,FTT,neither,False,False,3,0.8859724998474121,100801,False,2.5796003341674805,
Concrete,FTT,neither,False,False,4,0.8891884088516235,100801,False,3.2012264728546143,
Concrete,RB,full,True,True,0,0.9022289514541626,30401,False,5.078275203704834,
Concrete,RB,full,True,True,1,0.9023140072822571,30401,False,3.410223960876465,
Concrete,RB,full,True,True,2,0.9085074663162231,30401,False,4.077329397201538,
Concrete,RB,full,True,True,3,0.9034128189086914,30401,False,4.014757394790649,
Concrete,RB,full,True,True,4,0.9164015650749207,30401,False,4.768368482589722,
Concrete,RB,no_res,False,True,0,0.8794806003570557,30401,False,4.490210294723511,
Concrete,RB,no_res,False,True,1,0.884017288684845,30401,False,3.1113107204437256,
Concrete,RB,no_res,False,True,2,0.9038750529289246,30401,False,8.696269273757935,
Concrete,RB,no_res,False,True,3,0.8940744996070862,30401,False,3.3866798877716064,
Concrete,RB,no_res,False,True,4,0.9003099799156189,30401,False,3.0734670162200928,
Concrete,RB,no_ln,True,False,0,0.8801569938659668,30145,False,5.005747318267822,
Concrete,RB,no_ln,True,False,1,0.8875475525856018,30145,False,4.775000810623169,
Concrete,RB,no_ln,True,False,2,0.9190599918365479,30145,False,3.889024496078491,
Concrete,RB,no_ln,True,False,3,0.8998796343803406,30145,False,3.9196488857269287,
Concrete,RB,no_ln,True,False,4,0.9080743789672852,30145,False,3.8584399223327637,
Concrete,RB,neither,False,False,0,0.8710339665412903,30145,False,5.040901184082031,
Concrete,RB,neither,False,False,1,0.8846784830093384,30145,False,3.1914031505584717,
Concrete,RB,neither,False,False,2,0.9118168950080872,30145,False,11.046599864959717,
Concrete,RB,neither,False,False,3,0.9051793217658997,30145,False,3.740518569946289,
Concrete,RB,neither,False,False,4,0.9126226902008057,30145,False,4.394507169723511,
Airfoil,FTT,full,True,True,0,0.9564881324768066,101313,False,6.415306091308594,
Airfoil,FTT,full,True,True,1,0.9309940338134766,101313,False,3.3095057010650635,
Airfoil,FTT,full,True,True,2,0.9263806343078613,101313,False,3.341865301132202,
Airfoil,FTT,full,True,True,3,0.9151972532272339,101313,False,11.144886493682861,
Airfoil,FTT,full,True,True,4,0.9153251051902771,101313,False,4.641079902648926,
Airfoil,FTT,no_res,False,True,0,0.9327971339225769,101313,False,4.083763360977173,
Airfoil,FTT,no_res,False,True,1,0.875674843788147,101313,False,3.0109000205993652,
Airfoil,FTT,no_res,False,True,2,0.9207061529159546,101313,False,2.9633262157440186,
Airfoil,FTT,no_res,False,True,3,0.861691951751709,101313,False,7.588139533996582,
Airfoil,FTT,no_res,False,True,4,0.8921201825141907,101313,False,2.045828104019165,
Airfoil,FTT,no_ln,True,False,0,0.924446165561676,100417,False,3.1473021507263184,
Airfoil,FTT,no_ln,True,False,1,0.9307460784912109,100417,False,5.075875759124756,
Airfoil,FTT,no_ln,True,False,2,0.9167564511299133,100417,False,3.3952178955078125,
Airfoil,FTT,no_ln,True,False,3,0.8727548718452454,100417,False,2.935519218444824,
Airfoil,FTT,no_ln,True,False,4,0.8962671756744385,100417,False,2.8334343433380127,
Airfoil,FTT,neither,False,False,0,0.9139218330383301,100417,False,3.954483985900879,
Airfoil,FTT,neither,False,False,1,0.8913490176200867,100417,False,4.277334690093994,
Airfoil,FTT,neither,False,False,2,0.9077948927879333,100417,False,3.5356340408325195,
Airfoil,FTT,neither,False,False,3,0.8555728197097778,100417,False,3.379122495651245,
Airfoil,FTT,neither,False,False,4,0.872862696647644,100417,False,4.295936346054077,
Airfoil,RB,full,True,True,0,0.9537919759750366,30209,False,4.432026624679565,
Airfoil,RB,full,True,True,1,0.9484957456588745,30209,False,4.090359926223755,
Airfoil,RB,full,True,True,2,0.9465004801750183,30209,False,3.7802772521972656,
Airfoil,RB,full,True,True,3,0.8611994981765747,30209,False,1.965230941772461,
Airfoil,RB,full,True,True,4,0.9330581426620483,30209,False,3.4482827186584473,
Airfoil,RB,no_res,False,True,0,0.9386793971061707,30209,False,2.8905370235443115,
Airfoil,RB,no_res,False,True,1,0.920019805431366,30209,False,3.0698678493499756,
Airfoil,RB,no_res,False,True,2,0.940247654914856,30209,False,4.520643472671509,
Airfoil,RB,no_res,False,True,3,0.8484008312225342,30209,False,1.408452033996582,
Airfoil,RB,no_res,False,True,4,0.9092939496040344,30209,False,2.4262166023254395,
Airfoil,RB,no_ln,True,False,0,0.9464591145515442,29953,False,4.290359973907471,
Airfoil,RB,no_ln,True,False,1,0.9349808096885681,29953,False,5.037123680114746,
Airfoil,RB,no_ln,True,False,2,0.9231120347976685,29953,False,3.275104284286499,
Airfoil,RB,no_ln,True,False,3,0.8947011828422546,29953,False,4.615715742111206,
Airfoil,RB,no_ln,True,False,4,0.9253242015838623,29953,False,3.600162982940674,
Airfoil,RB,neither,False,False,0,0.9461173415184021,29953,False,3.803987979888916,
Airfoil,RB,neither,False,False,1,0.9402828216552734,29953,False,4.93348240852356,
Airfoil,RB,neither,False,False,2,0.9299101829528809,29953,False,4.653262376785278,
Airfoil,RB,neither,False,False,3,0.8851721286773682,29953,False,2.8363571166992188,
Airfoil,RB,neither,False,False,4,0.9181598424911499,29953,False,3.5959482192993164,
Abalone,FTT,full,True,True,0,0.30899447202682495,101569,False,4.56761360168457,
Abalone,FTT,full,True,True,1,0.3593633770942688,101569,False,4.501249551773071,
Abalone,FTT,full,True,True,2,0.31223762035369873,101569,False,7.0491943359375,
Abalone,FTT,full,True,True,3,0.32792967557907104,101569,False,6.9762678146362305,
Abalone,FTT,full,True,True,4,0.3049492835998535,101569,False,4.437468528747559,
Abalone,FTT,no_res,False,True,0,0.3070910573005676,101569,False,2.8066158294677734,
Abalone,FTT,no_res,False,True,1,0.34574276208877563,101569,False,3.0157997608184814,
Abalone,FTT,no_res,False,True,2,0.297344446182251,101569,False,4.840412855148315,
Abalone,FTT,no_res,False,True,3,0.29416346549987793,101569,False,2.833559513092041,
Abalone,FTT,no_res,False,True,4,0.29395532608032227,101569,False,2.996899127960205,
Abalone,FTT,no_ln,True,False,0,0.3147677183151245,100673,False,6.4730377197265625,
Abalone,FTT,no_ln,True,False,1,0.3544665575027466,100673,False,8.0763418674469,
Abalone,FTT,no_ln,True,False,2,0.31743550300598145,100673,False,6.804689645767212,
Abalone,FTT,no_ln,True,False,3,0.3238343596458435,100673,False,7.630092620849609,
Abalone,FTT,no_ln,True,False,4,0.2933746576309204,100673,False,3.5030417442321777,
Abalone,FTT,neither,False,False,0,0.31005191802978516,100673,False,3.929849863052368,
Abalone,FTT,neither,False,False,1,0.35722237825393677,100673,False,4.7407262325286865,
Abalone,FTT,neither,False,False,2,0.3174055814743042,100673,False,3.947941303253174,
Abalone,FTT,neither,False,False,3,0.2886999845504761,100673,False,2.9896621704101562,
Abalone,FTT,neither,False,False,4,0.29537129402160645,100673,False,3.8803398609161377,
Abalone,RB,full,True,True,0,0.32365334033966064,30337,False,5.9882824420928955,
Abalone,RB,full,True,True,1,0.3410077691078186,30337,False,8.152856588363647,
Abalone,RB,full,True,True,2,0.3189222812652588,30337,False,4.881019830703735,
Abalone,RB,full,True,True,3,0.3370503783226013,30337,False,6.9798743724823,
Abalone,RB,full,True,True,4,0.3263013958930969,30337,False,7.385849475860596,
Abalone,RB,no_res,False,True,0,0.31267571449279785,30337,False,4.5949318408966064,
Abalone,RB,no_res,False,True,1,0.34348106384277344,30337,False,6.608520269393921,
Abalone,RB,no_res,False,True,2,0.30448412895202637,30337,False,11.33780026435852,
Abalone,RB,no_res,False,True,3,0.33566826581954956,30337,False,6.818115711212158,
Abalone,RB,no_res,False,True,4,0.3146258592605591,30337,False,6.561478137969971,
Abalone,RB,no_ln,True,False,0,0.2533413767814636,30081,False,5.588327884674072,
Abalone,RB,no_ln,True,False,1,0.3416234254837036,30081,False,9.196395874023438,
Abalone,RB,no_ln,True,False,2,0.32269811630249023,30081,False,4.635845184326172,
Abalone,RB,no_ln,True,False,3,-2.444119453430176,30081,False,8.72472071647644,
Abalone,RB,no_ln,True,False,4,0.31982421875,30081,False,7.852489233016968,
Abalone,RB,neither,False,False,0,0.29720479249954224,30081,False,5.5621421337127686,
Abalone,RB,neither,False,False,1,0.33654123544692993,30081,False,10.77045464515686,
Abalone,RB,neither,False,False,2,0.322130024433136,30081,False,6.995418071746826,
Abalone,RB,neither,False,False,3,0.3370869755744934,30081,False,5.710461378097534,
Abalone,RB,neither,False,False,4,0.31930720806121826,30081,False,11.362747430801392,
Kin8nm,FTT,full,True,True,0,0.9159049987792969,101697,False,11.30193281173706,
Kin8nm,FTT,full,True,True,1,0.9201014041900635,101697,False,10.296585321426392,
Kin8nm,FTT,full,True,True,2,0.9073358774185181,101697,False,9.573769330978394,
Kin8nm,FTT,full,True,True,3,0.9174651503562927,101697,False,11.742107391357422,
Kin8nm,FTT,full,True,True,4,0.9167802929878235,101697,False,12.291263341903687,
Kin8nm,FTT,no_res,False,True,0,0.8758525252342224,101697,False,5.091438293457031,
Kin8nm,FTT,no_res,False,True,1,0.9084315299987793,101697,False,9.65359902381897,
Kin8nm,FTT,no_res,False,True,2,0.9128023386001587,101697,False,8.27154541015625,
Kin8nm,FTT,no_res,False,True,3,0.8922308087348938,101697,False,6.924345016479492,
Kin8nm,FTT,no_res,False,True,4,0.9064328074455261,101697,False,11.68953561782837,
Kin8nm,FTT,no_ln,True,False,0,0.9152921438217163,100801,False,12.71298360824585,
Kin8nm,FTT,no_ln,True,False,1,0.9066303372383118,100801,False,8.72538948059082,
Kin8nm,FTT,no_ln,True,False,2,0.9043305516242981,100801,False,11.176321744918823,
Kin8nm,FTT,no_ln,True,False,3,0.9137890934944153,100801,False,7.812664747238159,
Kin8nm,FTT,no_ln,True,False,4,0.9157131910324097,100801,False,12.205925941467285,
Kin8nm,FTT,neither,False,False,0,0.8823150992393494,100801,False,9.586239337921143,
Kin8nm,FTT,neither,False,False,1,0.8544023036956787,100801,False,6.7505433559417725,
Kin8nm,FTT,neither,False,False,2,0.8818663358688354,100801,False,13.537936925888062,
Kin8nm,FTT,neither,False,False,3,0.8743348717689514,100801,False,9.321449995040894,
Kin8nm,FTT,neither,False,False,4,0.8914154767990112,100801,False,11.464362859725952,
Kin8nm,RB,full,True,True,0,0.9144769906997681,30401,False,12.157827138900757,
Kin8nm,RB,full,True,True,1,0.9208471775054932,30401,False,14.919318675994873,
Kin8nm,RB,full,True,True,2,0.9149001836776733,30401,False,15.174396514892578,
Kin8nm,RB,full,True,True,3,0.9241407513618469,30401,False,20.893035411834717,
Kin8nm,RB,full,True,True,4,0.9246593713760376,30401,False,13.251206398010254,
Kin8nm,RB,no_res,False,True,0,0.9026270508766174,30401,False,12.09489130973816,
Kin8nm,RB,no_res,False,True,1,0.9033161401748657,30401,False,17.476343631744385,
Kin8nm,RB,no_res,False,True,2,0.9133337140083313,30401,False,13.399293661117554,
Kin8nm,RB,no_res,False,True,3,0.9070960283279419,30401,False,22.065523624420166,
Kin8nm,RB,no_res,False,True,4,0.9126128554344177,30401,False,15.785425186157227,
Kin8nm,RB,no_ln,True,False,0,0.9075381755828857,30145,False,14.597111463546753,
Kin8nm,RB,no_ln,True,False,1,0.9170090556144714,30145,False,14.889981269836426,
Kin8nm,RB,no_ln,True,False,2,0.9173837900161743,30145,False,15.100603818893433,
Kin8nm,RB,no_ln,True,False,3,0.9192035794258118,30145,False,15.079684019088745,
Kin8nm,RB,no_ln,True,False,4,0.9218454957008362,30145,False,15.296348571777344,
Kin8nm,RB,neither,False,False,0,0.9127073884010315,30145,False,15.002460718154907,
Kin8nm,RB,neither,False,False,1,0.9176757335662842,30145,False,15.033287525177002,
Kin8nm,RB,neither,False,False,2,0.9190226793289185,30145,False,16.247415781021118,
Kin8nm,RB,neither,False,False,3,0.9191619157791138,30145,False,15.592552661895752,
Kin8nm,RB,neither,False,False,4,0.9192045331001282,30145,False,21.583797931671143,
Protein,FTT,full,True,True,0,0.47637277841567993,101825,False,11.026517868041992,
Protein,FTT,full,True,True,1,0.41435277462005615,101825,False,10.37606167793274,
Protein,FTT,full,True,True,2,0.4198189377784729,101825,False,9.369916677474976,
Protein,FTT,full,True,True,3,0.41576510667800903,101825,False,8.972211599349976,
Protein,FTT,full,True,True,4,0.43742281198501587,101825,False,8.743671178817749,
Protein,FTT,no_res,False,True,0,0.41131722927093506,101825,False,8.174151420593262,
Protein,FTT,no_res,False,True,1,0.3450148105621338,101825,False,5.764210939407349,
Protein,FTT,no_res,False,True,2,0.38548487424850464,101825,False,4.987696886062622,
Protein,FTT,no_res,False,True,3,0.4197423458099365,101825,False,7.189558267593384,
Protein,FTT,no_res,False,True,4,0.3476966619491577,101825,False,8.150501728057861,
Protein,FTT,no_ln,True,False,0,0.37885212898254395,100929,False,10.365721225738525,
Protein,FTT,no_ln,True,False,1,0.3852262496948242,100929,False,15.680973529815674,
Protein,FTT,no_ln,True,False,2,0.31296056509017944,100929,False,13.147018671035767,
Protein,FTT,no_ln,True,False,3,0.43686002492904663,100929,False,20.243006944656372,
Protein,FTT,no_ln,True,False,4,0.4054473042488098,100929,False,11.88041877746582,
Protein,FTT,neither,False,False,0,0.39898937940597534,100929,False,16.216377019882202,
Protein,FTT,neither,False,False,1,0.3361244201660156,100929,False,8.259749412536621,
Protein,FTT,neither,False,False,2,0.32341545820236206,100929,False,4.81817102432251,
Protein,FTT,neither,False,False,3,0.33140724897384644,100929,False,5.762458086013794,
Protein,FTT,neither,False,False,4,0.34437429904937744,100929,False,3.8178372383117676,
Protein,RB,full,True,True,0,0.47744297981262207,30465,False,26.369245529174805,
Protein,RB,full,True,True,1,0.4394869804382324,30465,False,21.40378427505493,
Protein,RB,full,True,True,2,0.4396893382072449,30465,False,14.860652446746826,
Protein,RB,full,True,True,3,0.4567193388938904,30465,False,18.679367542266846,
Protein,RB,full,True,True,4,0.4642021656036377,30465,False,20.72132444381714,
Protein,RB,no_res,False,True,0,0.4782142639160156,30465,False,15.805447340011597,
Protein,RB,no_res,False,True,1,0.42219752073287964,30465,False,21.724753618240356,
Protein,RB,no_res,False,True,2,0.44501692056655884,30465,False,17.040916204452515,
Protein,RB,no_res,False,True,3,0.4254976511001587,30465,False,14.838180780410767,
Protein,RB,no_res,False,True,4,0.44304323196411133,30465,False,20.387426614761353,
Protein,RB,no_ln,True,False,0,0.15438616275787354,30209,False,21.066459894180298,
Protein,RB,no_ln,True,False,1,0.4095690846443176,30209,False,27.235440015792847,
Protein,RB,no_ln,True,False,2,0.38324832916259766,30209,False,16.193147897720337,
Protein,RB,no_ln,True,False,3,0.3956093192100525,30209,False,14.385005474090576,
Protein,RB,no_ln,True,False,4,0.4003661274909973,30209,False,16.10179829597473,
Protein,RB,neither,False,False,0,0.41171467304229736,30209,False,18.218585729599,
Protein,RB,neither,False,False,1,0.3704986572265625,30209,False,16.689236164093018,
Protein,RB,neither,False,False,2,0.3963184952735901,30209,False,17.446144342422485,
Protein,RB,neither,False,False,3,0.39056849479675293,30209,False,17.13554096221924,
Protein,RB,neither,False,False,4,0.41424864530563354,30209,False,15.123693943023682,
